-- phpMyAdmin SQL Dump
-- version 5.2.1
-- https://www.phpmyadmin.net/
--
-- Host: 127.0.0.1
-- Generation Time: Nov 16, 2024 at 10:16 PM
-- Server version: 10.4.32-MariaDB
-- PHP Version: 8.2.12

SET SQL_MODE = "NO_AUTO_VALUE_ON_ZERO";
START TRANSACTION;
SET time_zone = "+00:00";


/*!40101 SET @OLD_CHARACTER_SET_CLIENT=@@CHARACTER_SET_CLIENT */;
/*!40101 SET @OLD_CHARACTER_SET_RESULTS=@@CHARACTER_SET_RESULTS */;
/*!40101 SET @OLD_COLLATION_CONNECTION=@@COLLATION_CONNECTION */;
/*!40101 SET NAMES utf8mb4 */;

--
-- Database: `nezok2`
--

-- --------------------------------------------------------

--
-- Table structure for table `belepes`
--

CREATE TABLE `belepes` (
  `nezoid` int(11) NOT NULL,
  `meccsid` int(11) NOT NULL,
  `idopont` time DEFAULT NULL
) ENGINE=InnoDB DEFAULT CHARSET=utf8 COLLATE=utf8_hungarian_ci;

--
-- Dumping data for table `belepes`
--

INSERT INTO `belepes` (`nezoid`, `meccsid`, `idopont`) VALUES
(1, 1, '14:58:00'),
(1, 2, '15:05:00'),
(1, 3, '15:53:00'),
(1, 4, '12:33:00'),
(1, 7, '12:48:00'),
(1, 9, '17:20:00'),
(1, 10, '15:03:00'),
(1, 11, '16:42:00'),
(1, 12, '13:03:00'),
(1, 13, '13:13:00'),
(1, 14, '13:46:00'),
(1, 16, '15:45:00'),
(1, 17, '13:22:00'),
(1, 19, '15:07:00'),
(2, 1, '14:30:00'),
(2, 2, '15:12:00'),
(2, 3, '15:27:00'),
(2, 4, '12:39:00'),
(2, 8, '15:50:00'),
(2, 9, '16:42:00'),
(2, 10, '15:59:00'),
(2, 12, '13:02:00'),
(2, 13, '12:59:00'),
(2, 14, '13:20:00'),
(2, 16, '15:41:00'),
(2, 17, '13:00:00'),
(2, 18, '16:11:00'),
(2, 19, '15:15:00'),
(3, 1, '14:32:00'),
(3, 2, '14:31:00'),
(3, 3, '15:23:00'),
(3, 4, '12:57:00'),
(3, 5, '13:20:00'),
(3, 6, '16:39:00'),
(3, 7, '12:31:00'),
(3, 8, '15:42:00'),
(3, 9, '16:04:00'),
(3, 10, '15:10:00'),
(3, 11, '16:03:00'),
(3, 12, '13:46:00'),
(3, 13, '13:26:00'),
(3, 14, '12:50:00'),
(3, 15, '14:29:00'),
(3, 16, '15:30:00'),
(3, 17, '13:50:00'),
(3, 18, '16:19:00'),
(3, 19, '15:28:00'),
(4, 1, '14:02:00'),
(4, 2, '15:08:00'),
(4, 4, '12:45:00'),
(4, 5, '13:21:00'),
(4, 6, '16:46:00'),
(4, 11, '16:49:00'),
(4, 12, '13:26:00'),
(4, 13, '13:04:00'),
(4, 15, '14:02:00'),
(4, 17, '13:32:00'),
(4, 18, '16:32:00'),
(4, 19, '14:48:00'),
(5, 2, '15:52:00'),
(5, 4, '12:38:00'),
(5, 5, '12:32:00'),
(5, 6, '16:04:00'),
(5, 11, '16:04:00'),
(5, 12, '13:51:00'),
(5, 14, '13:04:00'),
(5, 15, '14:20:00'),
(5, 16, '15:31:00'),
(5, 17, '14:24:00'),
(5, 19, '14:42:00'),
(6, 1, '14:47:00'),
(6, 4, '12:54:00'),
(6, 5, '12:43:00'),
(6, 6, '16:48:00'),
(6, 7, '13:26:00'),
(6, 8, '15:46:00'),
(6, 9, '16:01:00'),
(6, 10, '15:12:00'),
(6, 11, '16:57:00'),
(6, 12, '13:20:00'),
(6, 13, '13:01:00'),
(6, 14, '12:42:00'),
(6, 15, '14:41:00'),
(6, 16, '15:56:00'),
(6, 17, '13:15:00'),
(6, 18, '16:02:00'),
(7, 1, '14:43:00'),
(7, 2, '15:07:00'),
(7, 4, '13:22:00'),
(7, 5, '13:21:00'),
(7, 8, '15:55:00'),
(7, 9, '17:11:00'),
(7, 10, '14:44:00'),
(7, 12, '13:41:00'),
(7, 16, '16:03:00'),
(7, 17, '13:22:00'),
(7, 19, '15:22:00'),
(8, 2, '15:54:00'),
(8, 4, '13:46:00'),
(8, 6, '16:30:00'),
(8, 8, '15:04:00'),
(8, 9, '16:15:00'),
(8, 11, '16:52:00'),
(8, 13, '13:00:00'),
(8, 15, '14:54:00'),
(8, 16, '15:15:00'),
(8, 17, '13:39:00'),
(9, 2, '15:11:00'),
(9, 4, '13:34:00'),
(9, 5, '12:43:00'),
(9, 6, '16:54:00'),
(9, 8, '15:14:00'),
(9, 11, '16:37:00'),
(9, 13, '12:58:00'),
(9, 14, '13:22:00'),
(9, 15, '14:25:00'),
(9, 17, '13:41:00'),
(10, 1, '14:34:00'),
(10, 4, '12:45:00'),
(10, 5, '12:45:00'),
(10, 6, '16:57:00'),
(10, 7, '13:04:00'),
(10, 8, '15:06:00'),
(10, 9, '16:47:00'),
(10, 10, '14:40:00'),
(10, 12, '13:25:00'),
(10, 13, '12:38:00'),
(10, 15, '14:49:00'),
(10, 16, '15:26:00'),
(10, 17, '13:12:00'),
(10, 19, '15:03:00'),
(11, 1, '14:41:00'),
(11, 3, '15:41:00'),
(11, 5, '13:23:00'),
(11, 7, '12:52:00'),
(11, 9, '17:26:00'),
(11, 10, '15:16:00'),
(11, 12, '13:20:00'),
(11, 13, '13:27:00'),
(11, 14, '13:15:00'),
(11, 15, '14:20:00'),
(11, 16, '15:57:00'),
(11, 17, '13:03:00'),
(11, 18, '16:14:00'),
(11, 19, '15:32:00'),
(12, 2, '14:37:00'),
(12, 3, '15:59:00'),
(12, 4, '13:54:00'),
(12, 5, '13:21:00'),
(12, 6, '16:05:00'),
(12, 8, '15:24:00'),
(12, 9, '16:52:00'),
(12, 10, '15:18:00'),
(12, 11, '16:55:00'),
(12, 12, '13:18:00'),
(12, 14, '13:26:00'),
(12, 15, '14:47:00'),
(12, 16, '15:11:00'),
(12, 17, '13:26:00'),
(12, 18, '16:39:00'),
(12, 19, '15:05:00'),
(13, 2, '14:45:00'),
(13, 3, '15:20:00'),
(13, 4, '12:39:00'),
(13, 6, '16:25:00'),
(13, 12, '13:39:00'),
(13, 13, '13:16:00'),
(13, 15, '14:09:00'),
(13, 17, '13:43:00'),
(13, 18, '16:30:00'),
(13, 19, '14:35:00'),
(14, 2, '14:39:00'),
(14, 5, '12:46:00'),
(14, 7, '13:26:00'),
(14, 8, '15:08:00'),
(14, 9, '16:39:00'),
(14, 10, '14:38:00'),
(14, 11, '16:19:00'),
(14, 12, '13:47:00'),
(14, 14, '13:02:00'),
(14, 15, '15:23:00'),
(14, 16, '15:16:00'),
(14, 17, '13:47:00'),
(14, 19, '15:26:00'),
(15, 2, '15:08:00'),
(15, 3, '15:50:00'),
(15, 6, '16:31:00'),
(15, 7, '12:36:00'),
(15, 8, '15:35:00'),
(15, 9, '16:01:00'),
(15, 16, '15:47:00'),
(15, 18, '16:51:00'),
(15, 19, '14:54:00'),
(16, 1, '15:11:00'),
(16, 2, '14:55:00'),
(16, 3, '15:13:00'),
(16, 4, '13:05:00'),
(16, 5, '13:05:00'),
(16, 6, '16:17:00'),
(16, 7, '13:57:00'),
(16, 8, '15:33:00'),
(16, 9, '16:09:00'),
(16, 10, '15:13:00'),
(16, 11, '16:10:00'),
(16, 12, '13:06:00'),
(16, 13, '13:01:00'),
(16, 14, '12:41:00'),
(16, 15, '15:25:00'),
(16, 16, '15:13:00'),
(16, 17, '13:09:00'),
(16, 18, '16:02:00'),
(16, 19, '15:13:00'),
(17, 1, '14:28:00'),
(17, 2, '15:07:00'),
(17, 6, '16:27:00'),
(17, 7, '13:24:00'),
(17, 9, '16:09:00'),
(17, 12, '14:11:00'),
(17, 13, '13:04:00'),
(17, 14, '12:59:00'),
(17, 15, '14:58:00'),
(17, 17, '13:30:00'),
(17, 18, '17:05:00'),
(18, 1, '14:29:00'),
(18, 2, '14:49:00'),
(18, 3, '15:12:00'),
(18, 4, '13:14:00'),
(18, 5, '13:35:00'),
(18, 6, '16:33:00'),
(18, 8, '15:22:00'),
(18, 9, '16:54:00'),
(18, 10, '14:52:00'),
(18, 11, '16:35:00'),
(18, 12, '13:48:00'),
(18, 14, '13:18:00'),
(18, 16, '15:23:00'),
(18, 17, '13:36:00'),
(18, 18, '16:52:00'),
(19, 2, '14:39:00'),
(19, 5, '13:07:00'),
(19, 8, '15:06:00'),
(19, 9, '16:11:00'),
(19, 10, '14:47:00'),
(19, 11, '17:13:00'),
(19, 12, '13:03:00'),
(19, 14, '12:45:00'),
(19, 15, '14:05:00'),
(19, 16, '15:32:00'),
(19, 17, '13:00:00'),
(19, 18, '16:42:00'),
(19, 19, '14:36:00'),
(20, 1, '14:10:00'),
(20, 3, '15:59:00'),
(20, 5, '12:46:00'),
(20, 6, '16:43:00'),
(20, 7, '13:31:00'),
(20, 8, '15:31:00'),
(20, 10, '14:46:00'),
(20, 13, '12:57:00'),
(20, 14, '13:15:00'),
(20, 15, '14:43:00'),
(20, 17, '13:13:00'),
(20, 18, '16:31:00'),
(20, 19, '15:44:00'),
(21, 1, '14:14:00'),
(21, 2, '14:34:00'),
(21, 3, '15:17:00'),
(21, 4, '13:25:00'),
(21, 5, '12:59:00'),
(21, 6, '16:52:00'),
(21, 7, '13:14:00'),
(21, 8, '15:27:00'),
(21, 10, '14:56:00'),
(21, 12, '13:41:00'),
(21, 13, '13:52:00'),
(21, 15, '14:57:00'),
(21, 16, '15:32:00'),
(21, 17, '13:05:00'),
(21, 18, '16:49:00'),
(21, 19, '14:32:00'),
(22, 1, '14:59:00'),
(22, 2, '15:19:00'),
(22, 3, '15:32:00'),
(22, 5, '13:09:00'),
(22, 6, '16:22:00'),
(22, 8, '16:10:00'),
(22, 9, '16:37:00'),
(22, 10, '15:08:00'),
(22, 11, '16:53:00'),
(22, 12, '13:20:00'),
(22, 14, '13:37:00'),
(22, 15, '14:20:00'),
(22, 16, '15:31:00'),
(22, 19, '15:47:00'),
(23, 2, '15:09:00'),
(23, 3, '15:04:00'),
(23, 4, '13:29:00'),
(23, 6, '16:35:00'),
(23, 8, '15:47:00'),
(23, 9, '16:00:00'),
(23, 10, '14:39:00'),
(23, 15, '14:59:00'),
(23, 16, '15:47:00'),
(23, 17, '13:22:00'),
(23, 19, '15:25:00'),
(24, 1, '14:38:00'),
(24, 6, '16:00:00'),
(24, 7, '13:29:00'),
(24, 8, '15:09:00'),
(24, 10, '15:49:00'),
(24, 11, '16:33:00'),
(24, 12, '13:20:00'),
(24, 13, '13:17:00'),
(24, 18, '16:41:00'),
(25, 3, '15:34:00'),
(25, 4, '13:27:00'),
(25, 5, '12:46:00'),
(25, 7, '12:42:00'),
(25, 8, '16:02:00'),
(25, 11, '16:27:00'),
(25, 12, '13:08:00'),
(25, 14, '12:54:00'),
(25, 15, '15:13:00'),
(25, 16, '15:14:00'),
(25, 17, '13:38:00'),
(25, 18, '16:14:00'),
(26, 1, '14:40:00'),
(26, 2, '14:31:00'),
(26, 4, '13:28:00'),
(26, 5, '12:40:00'),
(26, 7, '12:42:00'),
(26, 9, '16:12:00'),
(26, 10, '15:02:00'),
(26, 14, '13:13:00'),
(26, 17, '13:54:00'),
(26, 18, '16:36:00'),
(26, 19, '14:37:00'),
(27, 2, '15:52:00'),
(27, 3, '15:44:00'),
(27, 5, '13:34:00'),
(27, 6, '16:38:00'),
(27, 7, '13:59:00'),
(27, 8, '15:54:00'),
(27, 9, '16:16:00'),
(27, 11, '16:36:00'),
(27, 12, '13:24:00'),
(27, 13, '12:35:00'),
(27, 14, '12:45:00'),
(27, 16, '16:01:00'),
(27, 18, '16:02:00'),
(27, 19, '15:49:00'),
(28, 1, '14:19:00'),
(28, 2, '14:37:00'),
(28, 3, '15:59:00'),
(28, 4, '13:06:00'),
(28, 6, '16:52:00'),
(28, 10, '14:57:00'),
(28, 11, '16:21:00'),
(28, 13, '13:04:00'),
(28, 14, '12:46:00'),
(28, 15, '14:45:00'),
(28, 18, '16:26:00'),
(28, 19, '14:42:00'),
(29, 1, '15:02:00'),
(29, 2, '15:16:00'),
(29, 3, '15:11:00'),
(29, 4, '13:16:00'),
(29, 5, '12:34:00'),
(29, 6, '16:39:00'),
(29, 7, '13:01:00'),
(29, 8, '15:11:00'),
(29, 9, '16:15:00'),
(29, 10, '14:45:00'),
(29, 11, '16:05:00'),
(29, 12, '13:56:00'),
(29, 13, '12:34:00'),
(29, 14, '13:06:00'),
(29, 15, '14:16:00'),
(29, 16, '15:27:00'),
(29, 17, '13:20:00'),
(29, 18, '16:06:00'),
(29, 19, '15:10:00'),
(30, 1, '14:27:00'),
(30, 2, '14:52:00'),
(30, 3, '15:33:00'),
(30, 4, '12:48:00'),
(30, 6, '16:20:00'),
(30, 8, '15:01:00'),
(30, 9, '16:14:00'),
(30, 10, '15:04:00'),
(30, 11, '16:31:00'),
(30, 12, '14:25:00'),
(30, 13, '12:46:00'),
(30, 14, '13:38:00'),
(30, 15, '14:35:00'),
(30, 17, '13:36:00'),
(30, 18, '16:12:00'),
(30, 19, '15:21:00'),
(31, 4, '12:45:00'),
(31, 5, '13:01:00'),
(31, 6, '16:58:00'),
(31, 7, '12:38:00'),
(31, 8, '15:30:00'),
(31, 10, '15:16:00'),
(31, 11, '16:58:00'),
(31, 12, '13:16:00'),
(31, 13, '12:56:00'),
(31, 15, '14:21:00'),
(31, 16, '15:18:00'),
(31, 17, '13:21:00'),
(31, 18, '16:41:00'),
(31, 19, '15:03:00'),
(32, 1, '14:40:00'),
(32, 2, '15:14:00'),
(32, 4, '13:18:00'),
(32, 9, '16:30:00'),
(32, 10, '15:22:00'),
(32, 11, '16:22:00'),
(32, 12, '13:05:00'),
(32, 13, '13:25:00'),
(32, 14, '12:32:00'),
(32, 16, '15:53:00'),
(32, 17, '13:35:00'),
(32, 19, '15:09:00'),
(33, 1, '14:12:00'),
(33, 5, '12:47:00'),
(33, 6, '16:31:00'),
(33, 7, '13:51:00'),
(33, 8, '15:10:00'),
(33, 9, '16:46:00'),
(33, 10, '15:14:00'),
(33, 11, '16:24:00'),
(33, 12, '13:18:00'),
(33, 13, '13:17:00'),
(33, 14, '13:05:00'),
(33, 15, '14:19:00'),
(33, 16, '15:27:00'),
(33, 17, '14:01:00'),
(34, 1, '14:51:00'),
(34, 2, '14:37:00'),
(34, 3, '16:21:00'),
(34, 4, '13:26:00'),
(34, 6, '17:15:00'),
(34, 9, '16:05:00'),
(34, 10, '15:30:00'),
(34, 11, '17:08:00'),
(34, 17, '13:40:00'),
(34, 19, '14:34:00'),
(35, 3, '15:06:00'),
(35, 4, '13:54:00'),
(35, 5, '13:31:00'),
(35, 6, '16:47:00'),
(35, 7, '13:19:00'),
(35, 8, '15:59:00'),
(35, 9, '16:39:00'),
(35, 10, '15:30:00'),
(35, 12, '13:37:00'),
(35, 15, '14:53:00'),
(35, 16, '15:36:00'),
(35, 19, '15:01:00'),
(36, 1, '15:22:00'),
(36, 2, '14:36:00'),
(36, 4, '12:52:00'),
(36, 7, '13:36:00'),
(36, 8, '16:29:00'),
(36, 10, '15:06:00'),
(36, 11, '16:13:00'),
(36, 16, '15:33:00'),
(36, 17, '13:08:00'),
(36, 18, '16:06:00'),
(36, 19, '14:57:00'),
(37, 1, '14:01:00'),
(37, 2, '15:19:00'),
(37, 3, '15:13:00'),
(37, 4, '12:50:00'),
(37, 5, '13:42:00'),
(37, 6, '16:29:00'),
(37, 8, '15:14:00'),
(37, 9, '16:34:00'),
(37, 10, '14:38:00'),
(37, 11, '16:36:00'),
(37, 12, '13:07:00'),
(37, 14, '13:03:00'),
(37, 15, '14:50:00'),
(37, 16, '15:48:00'),
(37, 18, '16:44:00'),
(37, 19, '14:51:00'),
(38, 1, '14:04:00'),
(38, 2, '14:41:00'),
(38, 3, '15:53:00'),
(38, 4, '12:44:00'),
(38, 5, '12:54:00'),
(38, 6, '16:18:00'),
(38, 8, '15:59:00'),
(38, 9, '17:23:00'),
(38, 10, '14:57:00'),
(38, 11, '16:22:00'),
(38, 12, '13:58:00'),
(38, 13, '13:00:00'),
(38, 14, '12:52:00'),
(38, 16, '15:08:00'),
(38, 17, '13:34:00'),
(38, 18, '16:39:00'),
(39, 1, '14:28:00'),
(39, 2, '14:37:00'),
(39, 3, '15:59:00'),
(39, 4, '13:46:00'),
(39, 6, '16:37:00'),
(39, 8, '15:30:00'),
(39, 10, '15:11:00'),
(39, 13, '13:17:00'),
(39, 14, '13:49:00'),
(39, 15, '14:09:00'),
(39, 17, '13:22:00'),
(39, 18, '16:13:00'),
(39, 19, '14:30:00'),
(40, 2, '14:50:00'),
(40, 3, '15:37:00'),
(40, 5, '12:50:00'),
(40, 6, '16:42:00'),
(40, 7, '12:37:00'),
(40, 11, '16:22:00'),
(40, 15, '14:40:00'),
(40, 17, '13:31:00'),
(40, 18, '16:21:00'),
(41, 2, '15:28:00'),
(41, 3, '15:44:00'),
(41, 4, '13:20:00'),
(41, 5, '13:16:00'),
(41, 6, '16:57:00'),
(41, 7, '13:26:00'),
(41, 8, '15:25:00'),
(41, 9, '16:04:00'),
(41, 11, '16:22:00'),
(41, 12, '13:43:00'),
(41, 13, '12:58:00'),
(41, 15, '14:23:00'),
(41, 17, '14:08:00'),
(41, 18, '16:51:00'),
(41, 19, '14:38:00'),
(42, 1, '14:59:00'),
(42, 2, '15:32:00'),
(42, 3, '15:09:00'),
(42, 4, '13:08:00'),
(42, 5, '12:35:00'),
(42, 6, '16:23:00'),
(42, 7, '12:32:00'),
(42, 8, '15:34:00'),
(42, 9, '16:08:00'),
(42, 10, '15:20:00'),
(42, 11, '16:11:00'),
(42, 12, '13:55:00'),
(42, 13, '12:31:00'),
(42, 14, '13:11:00'),
(42, 15, '14:19:00'),
(42, 16, '15:13:00'),
(42, 17, '13:13:00'),
(42, 18, '16:36:00'),
(42, 19, '14:33:00'),
(43, 2, '15:20:00'),
(43, 5, '13:03:00'),
(43, 7, '13:27:00'),
(43, 11, '16:19:00'),
(43, 12, '13:27:00'),
(43, 13, '13:02:00'),
(43, 15, '14:19:00'),
(43, 17, '14:14:00'),
(44, 1, '14:58:00'),
(44, 2, '14:32:00'),
(44, 6, '16:24:00'),
(44, 7, '13:49:00'),
(44, 8, '15:34:00'),
(44, 9, '16:08:00'),
(44, 10, '14:59:00'),
(44, 12, '13:43:00'),
(44, 13, '13:06:00'),
(44, 14, '13:22:00'),
(44, 15, '14:06:00'),
(44, 16, '15:28:00'),
(44, 17, '13:50:00'),
(44, 18, '16:04:00'),
(45, 1, '14:45:00'),
(45, 3, '15:01:00'),
(45, 4, '12:45:00'),
(45, 5, '13:43:00'),
(45, 6, '16:33:00'),
(45, 7, '13:28:00'),
(45, 10, '15:16:00'),
(45, 11, '16:52:00'),
(45, 12, '13:01:00'),
(45, 15, '15:00:00'),
(45, 17, '14:02:00'),
(45, 18, '16:34:00'),
(45, 19, '14:56:00'),
(46, 5, '12:48:00'),
(46, 6, '16:22:00'),
(46, 8, '15:24:00'),
(46, 9, '16:19:00'),
(46, 10, '15:04:00'),
(46, 11, '16:55:00'),
(46, 13, '13:21:00'),
(46, 15, '14:47:00'),
(46, 16, '15:22:00'),
(46, 17, '13:38:00'),
(46, 19, '15:04:00'),
(47, 1, '14:46:00'),
(47, 2, '14:31:00'),
(47, 3, '15:27:00'),
(47, 4, '12:35:00'),
(47, 5, '13:47:00'),
(47, 6, '17:16:00'),
(47, 9, '16:23:00'),
(47, 12, '14:00:00'),
(47, 13, '13:39:00'),
(47, 14, '13:27:00'),
(47, 16, '15:32:00'),
(47, 18, '16:42:00'),
(47, 19, '15:56:00'),
(48, 4, '13:00:00'),
(48, 7, '13:22:00'),
(48, 8, '15:06:00'),
(48, 10, '14:40:00'),
(48, 11, '16:20:00'),
(48, 12, '13:41:00'),
(48, 14, '13:03:00'),
(48, 15, '14:18:00'),
(48, 18, '16:21:00'),
(48, 19, '14:38:00'),
(49, 2, '15:17:00'),
(49, 3, '15:02:00'),
(49, 4, '12:51:00'),
(49, 6, '16:51:00'),
(49, 7, '12:38:00'),
(49, 8, '15:18:00'),
(49, 10, '14:33:00'),
(49, 12, '13:15:00'),
(49, 13, '13:18:00'),
(49, 14, '12:42:00'),
(49, 15, '14:36:00'),
(49, 17, '13:57:00'),
(50, 1, '14:45:00'),
(50, 2, '14:40:00'),
(50, 3, '15:18:00'),
(50, 5, '12:58:00'),
(50, 6, '16:09:00'),
(50, 7, '13:13:00'),
(50, 10, '14:56:00'),
(50, 11, '16:28:00'),
(50, 12, '13:01:00'),
(50, 14, '12:54:00'),
(50, 16, '15:03:00'),
(50, 18, '16:56:00'),
(51, 1, '15:08:00'),
(51, 2, '15:01:00'),
(51, 3, '15:14:00'),
(51, 4, '12:51:00'),
(51, 5, '12:34:00'),
(51, 6, '16:38:00'),
(51, 8, '15:23:00'),
(51, 9, '16:36:00'),
(51, 11, '16:34:00'),
(51, 14, '12:57:00'),
(51, 19, '15:20:00'),
(52, 3, '15:23:00'),
(52, 5, '12:31:00'),
(52, 6, '16:15:00'),
(52, 7, '13:19:00'),
(52, 8, '15:17:00'),
(52, 9, '16:28:00'),
(52, 10, '15:12:00'),
(52, 12, '13:10:00'),
(52, 14, '12:49:00'),
(52, 16, '16:27:00'),
(52, 17, '13:12:00'),
(52, 18, '16:53:00'),
(52, 19, '15:06:00'),
(53, 1, '14:16:00'),
(53, 2, '14:38:00'),
(53, 3, '16:02:00'),
(53, 4, '12:40:00'),
(53, 5, '13:28:00'),
(53, 7, '12:55:00'),
(53, 9, '16:50:00'),
(53, 10, '15:07:00'),
(53, 11, '16:48:00'),
(53, 13, '12:30:00'),
(53, 14, '13:27:00'),
(53, 16, '15:03:00'),
(53, 17, '13:56:00'),
(54, 1, '14:16:00'),
(54, 2, '14:48:00'),
(54, 3, '15:12:00'),
(54, 4, '12:59:00'),
(54, 5, '13:00:00'),
(54, 8, '15:28:00'),
(54, 10, '14:32:00'),
(54, 12, '13:05:00'),
(54, 15, '14:30:00'),
(54, 16, '15:25:00'),
(54, 17, '13:23:00'),
(54, 19, '15:16:00'),
(55, 1, '14:05:00'),
(55, 2, '15:21:00'),
(55, 3, '15:46:00'),
(55, 4, '13:19:00'),
(55, 5, '13:44:00'),
(55, 6, '16:47:00'),
(55, 7, '12:45:00'),
(55, 8, '15:55:00'),
(55, 9, '16:26:00'),
(55, 10, '15:34:00'),
(55, 11, '16:16:00'),
(55, 12, '14:03:00'),
(55, 13, '13:15:00'),
(55, 14, '12:52:00'),
(55, 15, '14:20:00'),
(55, 16, '15:59:00'),
(55, 17, '13:33:00'),
(55, 18, '16:49:00'),
(55, 19, '14:34:00'),
(56, 1, '14:56:00'),
(56, 3, '15:19:00'),
(56, 4, '13:56:00'),
(56, 5, '12:51:00'),
(56, 7, '13:05:00'),
(56, 8, '15:27:00'),
(56, 9, '16:55:00'),
(56, 10, '15:28:00'),
(56, 11, '16:27:00'),
(56, 12, '14:09:00'),
(56, 13, '12:33:00'),
(56, 14, '12:39:00'),
(56, 15, '14:05:00'),
(56, 16, '15:37:00'),
(56, 17, '14:19:00'),
(56, 18, '16:25:00'),
(56, 19, '14:47:00'),
(57, 3, '16:14:00'),
(57, 4, '13:42:00'),
(57, 5, '13:29:00'),
(57, 6, '16:42:00'),
(57, 7, '12:39:00'),
(57, 9, '16:37:00'),
(57, 11, '16:43:00'),
(57, 12, '13:39:00'),
(57, 13, '13:17:00'),
(57, 14, '13:01:00'),
(57, 15, '14:22:00'),
(57, 16, '15:03:00'),
(57, 17, '13:54:00'),
(57, 18, '16:02:00'),
(58, 1, '14:22:00'),
(58, 2, '15:51:00'),
(58, 4, '13:14:00'),
(58, 5, '12:47:00'),
(58, 6, '16:13:00'),
(58, 7, '13:10:00'),
(58, 8, '15:19:00'),
(58, 9, '16:09:00'),
(58, 10, '15:05:00'),
(58, 11, '16:08:00'),
(58, 15, '14:20:00'),
(58, 16, '15:05:00'),
(58, 19, '14:50:00'),
(59, 1, '14:26:00'),
(59, 8, '15:14:00'),
(59, 10, '14:58:00'),
(59, 11, '16:45:00'),
(59, 12, '13:13:00'),
(59, 13, '12:37:00'),
(59, 15, '14:07:00'),
(59, 16, '15:46:00'),
(59, 19, '15:06:00'),
(60, 1, '14:26:00'),
(60, 3, '15:53:00'),
(60, 5, '13:43:00'),
(60, 7, '12:57:00'),
(60, 9, '16:27:00'),
(60, 10, '15:23:00'),
(60, 12, '13:27:00'),
(60, 15, '14:22:00'),
(60, 16, '15:04:00'),
(60, 17, '13:03:00'),
(60, 18, '17:23:00'),
(60, 19, '15:14:00'),
(61, 1, '14:10:00'),
(61, 2, '15:28:00'),
(61, 7, '13:27:00'),
(61, 8, '15:31:00'),
(61, 9, '16:48:00'),
(61, 10, '14:48:00'),
(61, 11, '16:03:00'),
(61, 14, '13:18:00'),
(61, 16, '15:20:00'),
(61, 17, '13:01:00'),
(61, 18, '16:24:00'),
(61, 19, '15:42:00'),
(62, 1, '14:26:00'),
(62, 3, '15:41:00'),
(62, 4, '12:48:00'),
(62, 10, '15:36:00'),
(62, 12, '13:04:00'),
(62, 14, '12:37:00'),
(62, 15, '14:40:00'),
(62, 16, '15:04:00'),
(63, 1, '14:52:00'),
(63, 4, '13:26:00'),
(63, 6, '16:24:00'),
(63, 7, '12:39:00'),
(63, 8, '15:41:00'),
(63, 10, '15:18:00'),
(63, 11, '16:32:00'),
(63, 13, '12:57:00'),
(63, 14, '12:48:00'),
(63, 17, '13:20:00'),
(64, 1, '14:05:00'),
(64, 2, '15:29:00'),
(64, 4, '13:32:00'),
(64, 5, '13:27:00'),
(64, 6, '16:38:00'),
(64, 7, '13:50:00'),
(64, 8, '15:25:00'),
(64, 10, '15:05:00'),
(64, 12, '13:50:00'),
(64, 14, '13:59:00'),
(64, 15, '14:53:00'),
(64, 16, '15:53:00'),
(64, 17, '13:35:00'),
(64, 18, '16:23:00'),
(65, 1, '14:54:00'),
(65, 2, '15:15:00'),
(65, 3, '15:23:00'),
(65, 6, '16:08:00'),
(65, 9, '16:08:00'),
(65, 12, '13:15:00'),
(65, 13, '13:31:00'),
(65, 14, '13:16:00'),
(65, 17, '13:44:00'),
(65, 18, '16:14:00'),
(65, 19, '15:26:00'),
(66, 1, '14:42:00'),
(66, 3, '15:05:00'),
(66, 4, '13:08:00'),
(66, 5, '13:17:00'),
(66, 6, '16:03:00'),
(66, 7, '13:04:00'),
(66, 8, '16:21:00'),
(66, 11, '16:11:00'),
(66, 13, '13:27:00'),
(67, 1, '14:31:00'),
(67, 3, '15:43:00'),
(67, 4, '12:35:00'),
(67, 5, '12:31:00'),
(67, 6, '16:27:00'),
(67, 7, '12:45:00'),
(67, 9, '16:35:00'),
(67, 13, '13:34:00'),
(67, 14, '12:57:00'),
(67, 15, '14:00:00'),
(67, 16, '15:44:00'),
(67, 17, '14:26:00'),
(67, 18, '16:44:00'),
(67, 19, '15:14:00'),
(68, 1, '15:05:00'),
(68, 2, '15:00:00'),
(68, 3, '15:04:00'),
(68, 4, '13:36:00'),
(68, 5, '12:55:00'),
(68, 6, '16:36:00'),
(68, 7, '12:59:00'),
(68, 8, '15:12:00'),
(68, 9, '16:46:00'),
(68, 10, '14:45:00'),
(68, 11, '17:22:00'),
(68, 12, '13:31:00'),
(68, 13, '13:28:00'),
(68, 14, '13:06:00'),
(68, 15, '14:06:00'),
(68, 16, '15:10:00'),
(68, 17, '14:02:00'),
(68, 18, '17:09:00'),
(68, 19, '15:55:00'),
(69, 1, '14:57:00'),
(69, 2, '14:35:00'),
(69, 3, '16:02:00'),
(69, 5, '13:19:00'),
(69, 6, '16:53:00'),
(69, 8, '15:00:00'),
(69, 9, '16:12:00'),
(69, 10, '14:54:00'),
(69, 12, '13:35:00'),
(69, 13, '12:45:00'),
(69, 15, '14:28:00'),
(69, 16, '15:11:00'),
(69, 17, '13:40:00'),
(69, 18, '16:04:00'),
(70, 1, '14:57:00'),
(70, 2, '15:25:00'),
(70, 3, '15:49:00'),
(70, 4, '13:06:00'),
(70, 8, '15:33:00'),
(70, 9, '16:14:00'),
(70, 10, '14:38:00'),
(70, 11, '16:05:00'),
(70, 14, '13:07:00'),
(70, 16, '15:58:00'),
(70, 17, '13:13:00'),
(70, 19, '14:55:00'),
(71, 1, '14:42:00'),
(71, 3, '15:00:00'),
(71, 4, '12:41:00'),
(71, 5, '12:56:00'),
(71, 7, '13:25:00'),
(71, 8, '15:51:00'),
(71, 9, '17:24:00'),
(71, 10, '15:08:00'),
(71, 11, '16:38:00'),
(71, 12, '13:21:00'),
(71, 14, '13:14:00'),
(71, 15, '14:33:00'),
(71, 16, '15:36:00'),
(71, 18, '16:29:00'),
(72, 2, '14:35:00'),
(72, 3, '15:00:00'),
(72, 4, '12:49:00'),
(72, 5, '12:42:00'),
(72, 7, '13:26:00'),
(72, 8, '15:24:00'),
(72, 9, '16:30:00'),
(72, 10, '14:52:00'),
(72, 13, '12:36:00'),
(72, 14, '13:09:00'),
(72, 15, '14:23:00'),
(72, 17, '13:09:00'),
(72, 18, '17:10:00'),
(72, 19, '14:36:00'),
(73, 2, '15:10:00'),
(73, 3, '15:30:00'),
(73, 4, '13:44:00'),
(73, 5, '13:19:00'),
(73, 8, '15:34:00'),
(73, 9, '16:37:00'),
(73, 10, '15:16:00'),
(73, 11, '16:32:00'),
(73, 12, '13:51:00'),
(73, 13, '12:55:00'),
(73, 17, '13:55:00'),
(73, 18, '17:00:00'),
(73, 19, '15:05:00'),
(74, 1, '14:04:00'),
(74, 3, '16:05:00'),
(74, 5, '12:58:00'),
(74, 6, '16:09:00'),
(74, 7, '13:15:00'),
(74, 9, '16:01:00'),
(74, 10, '15:14:00'),
(74, 11, '16:53:00'),
(74, 16, '15:54:00'),
(74, 17, '13:05:00'),
(75, 3, '15:45:00'),
(75, 5, '13:07:00'),
(75, 8, '15:39:00'),
(75, 9, '17:09:00'),
(75, 10, '15:26:00'),
(75, 13, '13:28:00'),
(75, 15, '14:29:00'),
(75, 17, '13:57:00'),
(75, 18, '16:45:00'),
(75, 19, '15:43:00'),
(76, 3, '15:49:00'),
(76, 5, '12:56:00'),
(76, 6, '16:56:00'),
(76, 9, '16:33:00'),
(76, 12, '13:30:00'),
(76, 13, '12:43:00'),
(76, 14, '13:26:00'),
(76, 15, '15:00:00'),
(76, 16, '15:25:00'),
(76, 17, '13:23:00'),
(76, 18, '17:15:00'),
(76, 19, '15:14:00'),
(77, 1, '14:47:00'),
(77, 3, '15:15:00'),
(77, 6, '16:55:00'),
(77, 7, '12:54:00'),
(77, 10, '14:58:00'),
(77, 11, '17:09:00'),
(77, 12, '13:12:00'),
(77, 13, '12:40:00'),
(77, 14, '12:54:00'),
(77, 16, '15:42:00'),
(77, 18, '16:29:00'),
(77, 19, '14:44:00'),
(78, 1, '14:48:00'),
(78, 2, '15:11:00'),
(78, 3, '15:05:00'),
(78, 4, '12:58:00'),
(78, 5, '13:04:00'),
(78, 7, '13:02:00'),
(78, 8, '15:53:00'),
(78, 9, '16:11:00'),
(78, 12, '13:08:00'),
(78, 14, '13:19:00'),
(78, 15, '14:41:00'),
(78, 17, '13:38:00'),
(78, 19, '15:13:00'),
(79, 1, '15:26:00'),
(79, 3, '15:52:00'),
(79, 4, '13:39:00'),
(79, 7, '13:00:00'),
(79, 8, '15:05:00'),
(79, 9, '16:39:00'),
(79, 10, '15:33:00'),
(79, 11, '16:52:00'),
(79, 12, '14:19:00'),
(79, 13, '13:17:00'),
(79, 14, '12:50:00'),
(79, 15, '14:29:00'),
(79, 16, '15:35:00'),
(79, 18, '17:23:00'),
(80, 2, '14:54:00'),
(80, 4, '12:56:00'),
(80, 6, '16:20:00'),
(80, 7, '13:13:00'),
(80, 8, '15:40:00'),
(80, 11, '16:42:00'),
(80, 12, '13:14:00'),
(80, 13, '13:45:00'),
(80, 14, '12:30:00'),
(80, 15, '14:39:00'),
(80, 16, '15:58:00'),
(80, 17, '13:04:00'),
(80, 18, '16:19:00'),
(80, 19, '14:54:00'),
(81, 1, '14:53:00'),
(81, 2, '14:34:00'),
(81, 3, '15:17:00'),
(81, 4, '13:29:00'),
(81, 5, '12:33:00'),
(81, 6, '16:45:00'),
(81, 7, '13:30:00'),
(81, 8, '15:05:00'),
(81, 9, '16:31:00'),
(81, 10, '15:21:00'),
(81, 11, '16:04:00'),
(81, 12, '13:11:00'),
(81, 13, '13:07:00'),
(81, 14, '12:58:00'),
(81, 15, '14:42:00'),
(81, 16, '15:12:00'),
(81, 17, '13:06:00'),
(81, 18, '16:05:00'),
(81, 19, '14:34:00'),
(82, 2, '14:45:00'),
(82, 3, '15:45:00'),
(82, 5, '13:17:00'),
(82, 7, '13:09:00'),
(82, 8, '15:57:00'),
(82, 9, '16:28:00'),
(82, 11, '16:59:00'),
(82, 14, '13:09:00'),
(82, 16, '15:50:00'),
(82, 17, '13:33:00'),
(82, 19, '15:29:00'),
(83, 1, '14:57:00'),
(83, 2, '15:10:00'),
(83, 3, '15:03:00'),
(83, 4, '13:23:00'),
(83, 5, '12:59:00'),
(83, 7, '13:07:00'),
(83, 8, '15:46:00'),
(83, 9, '16:24:00'),
(83, 10, '15:26:00'),
(83, 12, '14:06:00'),
(83, 13, '13:13:00'),
(83, 14, '13:06:00'),
(83, 16, '15:44:00'),
(83, 17, '13:24:00'),
(83, 18, '16:17:00'),
(84, 1, '14:29:00'),
(84, 2, '15:31:00'),
(84, 3, '15:00:00'),
(84, 4, '12:42:00'),
(84, 5, '12:53:00'),
(84, 6, '16:17:00'),
(84, 9, '16:45:00'),
(84, 10, '15:21:00'),
(84, 11, '16:17:00'),
(84, 13, '13:26:00'),
(84, 15, '14:06:00'),
(84, 16, '15:11:00'),
(84, 17, '13:16:00'),
(84, 18, '16:18:00'),
(84, 19, '15:37:00'),
(85, 2, '15:03:00'),
(85, 3, '16:23:00'),
(85, 4, '12:33:00'),
(85, 5, '13:43:00'),
(85, 8, '15:29:00'),
(85, 9, '16:02:00'),
(85, 11, '16:05:00'),
(85, 12, '13:02:00'),
(85, 13, '12:45:00'),
(85, 14, '12:58:00'),
(85, 15, '14:56:00'),
(85, 16, '15:15:00'),
(85, 17, '13:01:00'),
(85, 19, '14:35:00'),
(86, 2, '15:29:00'),
(86, 3, '15:41:00'),
(86, 4, '12:33:00'),
(86, 5, '13:02:00'),
(86, 7, '12:53:00'),
(86, 10, '14:54:00'),
(86, 11, '16:32:00'),
(86, 12, '13:43:00'),
(86, 13, '13:46:00'),
(86, 15, '14:20:00'),
(86, 16, '15:00:00'),
(86, 17, '13:55:00'),
(86, 18, '16:46:00'),
(87, 1, '14:23:00'),
(87, 3, '15:48:00'),
(87, 4, '12:40:00'),
(87, 5, '12:40:00'),
(87, 6, '16:39:00'),
(87, 7, '13:22:00'),
(87, 8, '15:32:00'),
(87, 9, '16:34:00'),
(87, 13, '12:49:00'),
(87, 16, '15:44:00'),
(87, 17, '13:15:00'),
(87, 18, '16:38:00'),
(87, 19, '15:20:00'),
(88, 3, '15:30:00'),
(88, 6, '16:50:00'),
(88, 8, '15:06:00'),
(88, 10, '15:20:00'),
(88, 11, '16:39:00'),
(88, 12, '14:18:00'),
(88, 13, '12:55:00'),
(88, 14, '13:28:00'),
(88, 15, '14:44:00'),
(88, 17, '13:45:00'),
(88, 18, '17:03:00'),
(89, 1, '14:54:00'),
(89, 2, '14:47:00'),
(89, 3, '15:41:00'),
(89, 4, '12:39:00'),
(89, 6, '16:41:00'),
(89, 7, '12:32:00'),
(89, 8, '15:26:00'),
(89, 11, '17:12:00'),
(89, 14, '13:10:00'),
(89, 16, '15:29:00'),
(89, 18, '16:36:00'),
(90, 2, '15:28:00'),
(90, 3, '15:02:00'),
(90, 4, '13:23:00'),
(90, 7, '13:42:00'),
(90, 8, '15:32:00'),
(90, 9, '16:19:00'),
(90, 12, '13:23:00'),
(90, 13, '12:46:00'),
(90, 14, '12:45:00'),
(90, 15, '14:13:00'),
(90, 16, '15:16:00'),
(90, 17, '14:21:00'),
(90, 18, '16:14:00'),
(90, 19, '14:47:00'),
(91, 1, '14:19:00'),
(91, 2, '15:28:00'),
(91, 3, '15:55:00'),
(91, 4, '13:22:00'),
(91, 5, '12:54:00'),
(91, 6, '16:35:00'),
(91, 7, '13:12:00'),
(91, 8, '15:34:00'),
(91, 9, '16:21:00'),
(91, 12, '13:06:00'),
(91, 13, '12:33:00'),
(91, 15, '14:59:00'),
(91, 16, '15:13:00'),
(91, 17, '13:49:00'),
(91, 18, '16:16:00'),
(92, 2, '15:20:00'),
(92, 3, '15:49:00'),
(92, 5, '12:49:00'),
(92, 6, '17:12:00'),
(92, 9, '16:44:00'),
(92, 10, '14:43:00'),
(92, 14, '12:34:00'),
(92, 15, '14:41:00'),
(93, 2, '14:46:00'),
(93, 4, '13:25:00'),
(93, 5, '13:21:00'),
(93, 6, '16:37:00'),
(93, 7, '12:42:00'),
(93, 10, '14:51:00'),
(93, 11, '16:31:00'),
(93, 13, '13:22:00'),
(93, 15, '14:47:00'),
(93, 16, '15:02:00'),
(93, 17, '13:22:00'),
(93, 18, '16:01:00'),
(93, 19, '15:25:00'),
(94, 1, '15:29:00'),
(94, 2, '15:03:00'),
(94, 3, '15:00:00'),
(94, 4, '13:02:00'),
(94, 5, '13:23:00'),
(94, 6, '17:19:00'),
(94, 7, '13:17:00'),
(94, 8, '15:32:00'),
(94, 9, '16:28:00'),
(94, 10, '15:08:00'),
(94, 11, '16:23:00'),
(94, 12, '13:31:00'),
(94, 13, '13:16:00'),
(94, 14, '12:38:00'),
(94, 15, '14:36:00'),
(94, 16, '15:33:00'),
(94, 17, '13:40:00'),
(94, 18, '16:58:00'),
(94, 19, '15:13:00'),
(95, 1, '14:47:00'),
(95, 2, '14:36:00'),
(95, 5, '13:18:00'),
(95, 7, '12:52:00'),
(95, 11, '17:18:00'),
(95, 12, '13:12:00'),
(95, 13, '13:18:00'),
(95, 14, '13:08:00'),
(95, 15, '14:33:00'),
(95, 16, '15:07:00'),
(95, 18, '16:17:00'),
(95, 19, '14:34:00'),
(96, 1, '14:30:00'),
(96, 3, '15:10:00'),
(96, 4, '12:41:00'),
(96, 6, '16:01:00'),
(96, 7, '13:15:00'),
(96, 10, '15:01:00'),
(96, 11, '16:03:00'),
(96, 12, '13:13:00'),
(96, 14, '12:53:00'),
(96, 15, '15:14:00'),
(96, 16, '15:08:00'),
(96, 17, '13:12:00'),
(96, 18, '16:59:00'),
(96, 19, '14:58:00'),
(97, 1, '14:32:00'),
(97, 2, '14:49:00'),
(97, 3, '15:18:00'),
(97, 4, '13:49:00'),
(97, 5, '12:58:00'),
(97, 7, '13:07:00'),
(97, 8, '15:06:00'),
(97, 12, '13:12:00'),
(97, 13, '13:20:00'),
(97, 14, '12:36:00'),
(97, 16, '15:26:00'),
(97, 17, '13:21:00'),
(97, 18, '16:16:00'),
(97, 19, '15:20:00'),
(98, 2, '14:49:00'),
(98, 4, '12:53:00'),
(98, 5, '12:34:00'),
(98, 6, '16:35:00'),
(98, 7, '12:56:00'),
(98, 11, '16:29:00'),
(98, 13, '12:53:00'),
(98, 16, '15:28:00'),
(99, 1, '14:19:00'),
(99, 2, '14:38:00'),
(99, 3, '15:58:00'),
(99, 4, '12:54:00'),
(99, 7, '13:01:00'),
(99, 8, '16:00:00'),
(99, 9, '16:39:00'),
(99, 11, '16:53:00'),
(99, 12, '13:46:00'),
(99, 15, '14:28:00'),
(99, 16, '15:18:00'),
(99, 17, '13:52:00'),
(99, 19, '15:12:00'),
(100, 4, '12:32:00'),
(100, 5, '12:52:00'),
(100, 7, '12:40:00'),
(100, 8, '15:54:00'),
(100, 9, '16:49:00'),
(100, 11, '16:54:00'),
(100, 12, '13:59:00'),
(100, 15, '14:58:00'),
(100, 16, '15:41:00'),
(100, 18, '16:38:00'),
(100, 19, '14:37:00'),
(101, 1, '14:55:00'),
(101, 2, '15:19:00'),
(101, 3, '15:31:00'),
(101, 6, '17:16:00'),
(101, 8, '15:48:00'),
(101, 9, '16:15:00'),
(101, 10, '15:06:00'),
(101, 13, '12:33:00'),
(101, 14, '12:32:00'),
(101, 15, '14:20:00'),
(101, 16, '15:21:00'),
(101, 18, '16:21:00'),
(101, 19, '15:09:00'),
(102, 1, '14:24:00'),
(102, 2, '15:30:00'),
(102, 3, '15:39:00'),
(102, 4, '13:41:00'),
(102, 5, '13:05:00'),
(102, 7, '13:07:00'),
(102, 8, '15:33:00'),
(102, 12, '13:55:00'),
(102, 14, '13:15:00'),
(102, 15, '14:28:00'),
(102, 16, '15:23:00'),
(102, 18, '16:13:00'),
(103, 1, '14:44:00'),
(103, 3, '15:20:00'),
(103, 4, '13:23:00'),
(103, 6, '16:52:00'),
(103, 8, '15:04:00'),
(103, 9, '16:44:00'),
(103, 10, '15:10:00'),
(103, 12, '13:29:00'),
(103, 17, '13:23:00'),
(104, 3, '15:41:00'),
(104, 4, '12:56:00'),
(104, 5, '13:19:00'),
(104, 6, '16:32:00'),
(104, 7, '12:57:00'),
(104, 8, '15:12:00'),
(104, 9, '16:51:00'),
(104, 10, '15:08:00'),
(104, 11, '17:19:00'),
(104, 12, '13:39:00'),
(104, 15, '14:56:00'),
(104, 16, '15:18:00'),
(104, 17, '13:35:00'),
(104, 18, '16:19:00'),
(104, 19, '14:32:00'),
(105, 1, '14:08:00'),
(105, 2, '14:36:00'),
(105, 5, '13:57:00'),
(105, 6, '16:25:00'),
(105, 7, '12:47:00'),
(105, 12, '13:00:00'),
(105, 14, '13:28:00'),
(105, 16, '15:59:00'),
(105, 17, '14:16:00'),
(105, 18, '16:01:00'),
(106, 2, '14:39:00'),
(106, 3, '15:28:00'),
(106, 5, '12:59:00'),
(106, 6, '16:20:00'),
(106, 7, '12:48:00'),
(106, 9, '16:27:00'),
(106, 11, '16:36:00'),
(106, 12, '13:27:00'),
(106, 13, '12:57:00'),
(106, 14, '13:21:00'),
(106, 15, '14:44:00'),
(106, 16, '15:30:00'),
(106, 18, '16:29:00'),
(107, 1, '14:50:00'),
(107, 2, '14:56:00'),
(107, 3, '15:07:00'),
(107, 4, '13:30:00'),
(107, 5, '12:45:00'),
(107, 6, '16:17:00'),
(107, 7, '13:28:00'),
(107, 8, '15:39:00'),
(107, 9, '16:16:00'),
(107, 10, '15:28:00'),
(107, 11, '16:49:00'),
(107, 12, '14:23:00'),
(107, 13, '12:40:00'),
(107, 14, '13:03:00'),
(107, 15, '14:02:00'),
(107, 16, '15:48:00'),
(107, 17, '13:12:00'),
(107, 18, '16:12:00'),
(107, 19, '15:55:00'),
(108, 2, '15:14:00'),
(108, 4, '13:19:00'),
(108, 5, '12:40:00'),
(108, 6, '16:36:00'),
(108, 7, '13:21:00'),
(108, 8, '15:22:00'),
(108, 9, '16:50:00'),
(108, 10, '15:06:00'),
(108, 12, '13:16:00'),
(108, 13, '12:40:00'),
(108, 14, '13:26:00'),
(108, 15, '15:00:00'),
(108, 16, '15:46:00'),
(108, 17, '13:37:00'),
(108, 19, '15:09:00'),
(109, 2, '14:49:00'),
(109, 3, '16:26:00'),
(109, 4, '13:05:00'),
(109, 5, '13:24:00'),
(109, 6, '16:54:00'),
(109, 7, '13:14:00'),
(109, 8, '15:07:00'),
(109, 9, '16:35:00'),
(109, 10, '15:47:00'),
(109, 11, '16:08:00'),
(109, 14, '13:12:00'),
(109, 15, '14:55:00'),
(109, 16, '15:06:00'),
(109, 17, '13:36:00'),
(109, 18, '16:41:00'),
(110, 1, '14:58:00'),
(110, 2, '14:32:00'),
(110, 4, '12:32:00'),
(110, 5, '13:31:00'),
(110, 6, '16:08:00'),
(110, 7, '12:55:00'),
(110, 9, '16:52:00'),
(110, 10, '14:40:00'),
(110, 13, '12:55:00'),
(110, 14, '12:31:00'),
(110, 15, '15:19:00'),
(111, 2, '15:17:00'),
(111, 3, '15:30:00'),
(111, 4, '13:21:00'),
(111, 5, '13:07:00'),
(111, 6, '16:17:00'),
(111, 7, '13:42:00'),
(111, 8, '15:36:00'),
(111, 9, '16:12:00'),
(111, 11, '16:17:00'),
(111, 14, '13:10:00'),
(111, 16, '15:09:00'),
(111, 17, '13:39:00'),
(111, 18, '16:53:00'),
(111, 19, '15:23:00'),
(112, 2, '14:46:00'),
(112, 4, '13:00:00'),
(112, 5, '13:26:00'),
(112, 6, '16:29:00'),
(112, 9, '16:15:00'),
(112, 10, '14:59:00'),
(112, 11, '16:42:00'),
(112, 12, '13:18:00'),
(112, 13, '13:07:00'),
(112, 15, '15:13:00'),
(112, 16, '16:22:00'),
(112, 17, '13:14:00'),
(112, 18, '16:26:00'),
(112, 19, '15:15:00'),
(113, 1, '15:22:00'),
(113, 2, '15:11:00'),
(113, 4, '12:53:00'),
(113, 6, '16:49:00'),
(113, 7, '13:28:00'),
(113, 8, '15:28:00'),
(113, 11, '16:14:00'),
(113, 13, '12:45:00'),
(113, 14, '13:04:00'),
(113, 15, '14:42:00'),
(113, 16, '15:44:00'),
(113, 17, '13:41:00'),
(113, 18, '16:36:00'),
(113, 19, '15:32:00'),
(114, 2, '15:25:00'),
(114, 3, '16:21:00'),
(114, 4, '13:22:00'),
(114, 5, '13:01:00'),
(114, 6, '16:47:00'),
(114, 7, '13:01:00'),
(114, 9, '16:18:00'),
(114, 11, '16:17:00'),
(114, 12, '13:09:00'),
(114, 13, '13:58:00'),
(114, 15, '14:43:00'),
(114, 17, '13:27:00'),
(114, 18, '16:39:00'),
(115, 3, '15:54:00'),
(115, 6, '17:17:00'),
(115, 7, '13:19:00'),
(115, 8, '15:50:00'),
(115, 12, '14:05:00'),
(115, 16, '15:46:00'),
(115, 17, '13:29:00'),
(115, 18, '16:18:00'),
(115, 19, '15:15:00'),
(116, 2, '14:54:00'),
(116, 3, '15:34:00'),
(116, 5, '13:16:00'),
(116, 6, '16:59:00'),
(116, 7, '13:22:00'),
(116, 8, '15:21:00'),
(116, 10, '14:51:00'),
(116, 11, '16:19:00'),
(116, 16, '15:59:00'),
(116, 17, '14:24:00'),
(116, 18, '16:06:00'),
(116, 19, '14:37:00'),
(117, 2, '15:24:00'),
(117, 4, '12:44:00'),
(117, 5, '12:41:00'),
(117, 6, '16:18:00'),
(117, 9, '16:54:00'),
(117, 12, '13:11:00'),
(117, 13, '13:15:00'),
(117, 14, '13:19:00'),
(117, 16, '15:49:00'),
(117, 17, '14:21:00'),
(118, 1, '14:43:00'),
(118, 3, '15:49:00'),
(118, 4, '13:54:00'),
(118, 5, '13:21:00'),
(118, 6, '16:13:00'),
(118, 8, '15:51:00'),
(118, 10, '14:31:00'),
(118, 12, '13:23:00'),
(118, 13, '13:37:00'),
(118, 15, '14:01:00'),
(118, 16, '15:07:00'),
(118, 18, '16:27:00'),
(119, 4, '13:26:00'),
(119, 5, '13:48:00'),
(119, 6, '16:59:00'),
(119, 7, '12:58:00'),
(119, 10, '15:10:00'),
(119, 11, '16:39:00'),
(119, 12, '13:45:00'),
(119, 13, '13:43:00'),
(119, 16, '15:04:00'),
(119, 18, '16:51:00'),
(119, 19, '14:36:00'),
(120, 1, '14:54:00'),
(120, 2, '14:50:00'),
(120, 3, '15:03:00'),
(120, 4, '12:39:00'),
(120, 5, '13:03:00'),
(120, 6, '16:31:00'),
(120, 7, '13:25:00'),
(120, 8, '15:44:00'),
(120, 9, '16:21:00'),
(120, 10, '15:26:00'),
(120, 11, '16:38:00'),
(120, 12, '13:55:00'),
(120, 13, '13:03:00'),
(120, 14, '12:52:00'),
(120, 15, '15:03:00'),
(120, 16, '15:35:00'),
(120, 17, '13:03:00'),
(120, 18, '16:39:00'),
(120, 19, '14:39:00'),
(121, 1, '15:28:00'),
(121, 2, '15:12:00'),
(121, 3, '15:48:00'),
(121, 4, '12:44:00'),
(121, 7, '13:27:00'),
(121, 9, '16:38:00'),
(121, 11, '16:17:00'),
(121, 12, '13:16:00'),
(121, 15, '15:16:00'),
(121, 16, '16:07:00'),
(121, 17, '13:37:00'),
(122, 1, '14:08:00'),
(122, 4, '12:51:00'),
(122, 6, '17:28:00'),
(122, 7, '12:37:00'),
(122, 8, '15:00:00'),
(122, 9, '16:08:00'),
(122, 10, '15:17:00'),
(122, 11, '16:26:00'),
(122, 12, '13:50:00'),
(122, 13, '12:56:00'),
(122, 14, '12:42:00'),
(122, 15, '14:27:00'),
(122, 16, '16:26:00'),
(122, 17, '13:18:00'),
(122, 18, '16:10:00'),
(123, 3, '15:17:00'),
(123, 5, '13:19:00'),
(123, 7, '13:55:00'),
(123, 8, '15:05:00'),
(123, 9, '16:52:00'),
(123, 10, '14:32:00'),
(123, 11, '16:06:00'),
(123, 14, '12:55:00'),
(123, 16, '15:09:00'),
(123, 17, '13:16:00'),
(123, 18, '16:54:00'),
(123, 19, '15:35:00'),
(124, 1, '14:36:00'),
(124, 2, '15:18:00'),
(124, 3, '15:09:00'),
(124, 5, '12:44:00'),
(124, 6, '16:08:00'),
(124, 7, '13:47:00'),
(124, 9, '16:48:00'),
(124, 10, '15:14:00'),
(124, 11, '17:00:00'),
(124, 13, '13:25:00'),
(124, 14, '12:57:00'),
(124, 15, '14:48:00'),
(124, 17, '13:01:00'),
(124, 18, '16:42:00'),
(124, 19, '14:32:00'),
(125, 1, '14:09:00'),
(125, 2, '15:19:00'),
(125, 3, '15:54:00'),
(125, 4, '13:23:00'),
(125, 5, '12:32:00'),
(125, 9, '16:32:00'),
(125, 10, '15:05:00'),
(125, 11, '16:49:00'),
(125, 12, '13:03:00'),
(125, 13, '12:30:00'),
(125, 14, '12:47:00'),
(125, 16, '15:37:00'),
(125, 17, '13:48:00'),
(125, 18, '16:36:00'),
(126, 1, '14:32:00'),
(126, 2, '14:43:00'),
(126, 3, '15:46:00'),
(126, 4, '12:51:00'),
(126, 10, '15:16:00'),
(126, 11, '16:29:00'),
(126, 12, '13:55:00'),
(126, 14, '12:53:00'),
(126, 15, '14:20:00'),
(126, 16, '15:39:00'),
(126, 17, '13:50:00'),
(126, 18, '16:52:00'),
(127, 1, '15:06:00'),
(127, 3, '15:33:00'),
(127, 4, '12:32:00'),
(127, 5, '13:19:00'),
(127, 6, '16:23:00'),
(127, 9, '16:40:00'),
(127, 10, '15:08:00'),
(127, 11, '16:05:00'),
(127, 12, '13:32:00'),
(127, 13, '13:17:00'),
(127, 14, '13:25:00'),
(127, 15, '14:42:00'),
(127, 16, '15:09:00'),
(127, 17, '13:21:00'),
(127, 18, '16:23:00'),
(128, 1, '14:51:00'),
(128, 2, '14:54:00'),
(128, 4, '12:47:00'),
(128, 5, '13:13:00'),
(128, 6, '16:10:00'),
(128, 7, '13:07:00'),
(128, 8, '15:30:00'),
(128, 10, '15:14:00'),
(128, 12, '13:27:00'),
(128, 13, '12:57:00'),
(128, 14, '13:28:00'),
(128, 18, '16:52:00'),
(129, 1, '14:51:00'),
(129, 2, '15:19:00'),
(129, 3, '15:10:00'),
(129, 4, '12:35:00'),
(129, 5, '13:10:00'),
(129, 8, '15:22:00'),
(129, 12, '13:52:00'),
(129, 14, '13:23:00'),
(129, 15, '14:33:00'),
(129, 16, '15:11:00'),
(129, 17, '13:18:00'),
(129, 18, '16:57:00'),
(130, 2, '15:01:00'),
(130, 5, '13:22:00'),
(130, 6, '17:11:00'),
(130, 7, '12:47:00'),
(130, 8, '15:53:00'),
(130, 9, '16:24:00'),
(130, 10, '15:38:00'),
(130, 13, '12:31:00'),
(130, 14, '12:31:00'),
(130, 17, '13:46:00'),
(131, 2, '15:08:00'),
(131, 4, '13:36:00'),
(131, 8, '15:32:00'),
(131, 11, '16:24:00'),
(131, 14, '12:40:00'),
(131, 15, '15:04:00'),
(131, 16, '15:26:00'),
(131, 17, '13:15:00'),
(131, 18, '16:49:00'),
(131, 19, '14:39:00'),
(132, 8, '15:23:00'),
(132, 9, '16:48:00'),
(132, 10, '14:41:00'),
(132, 11, '16:53:00'),
(132, 13, '12:36:00'),
(132, 14, '12:37:00'),
(132, 15, '14:19:00'),
(132, 18, '16:19:00'),
(132, 19, '14:39:00'),
(133, 1, '15:27:00'),
(133, 2, '14:55:00'),
(133, 3, '16:22:00'),
(133, 4, '12:53:00'),
(133, 5, '12:49:00'),
(133, 6, '16:42:00'),
(133, 7, '13:05:00'),
(133, 8, '15:09:00'),
(133, 9, '16:08:00'),
(133, 10, '14:30:00'),
(133, 11, '16:04:00'),
(133, 12, '13:48:00'),
(133, 13, '13:19:00'),
(133, 14, '12:40:00'),
(133, 15, '14:59:00'),
(133, 16, '15:43:00'),
(133, 17, '13:51:00'),
(133, 18, '16:49:00'),
(133, 19, '15:12:00'),
(134, 1, '14:32:00'),
(134, 2, '15:20:00'),
(134, 3, '15:19:00'),
(134, 5, '13:54:00'),
(134, 8, '15:41:00'),
(134, 9, '16:22:00'),
(134, 10, '14:52:00'),
(134, 11, '16:17:00'),
(134, 12, '13:20:00'),
(134, 13, '12:43:00'),
(134, 14, '13:37:00'),
(134, 15, '14:30:00'),
(134, 16, '15:55:00'),
(134, 17, '13:58:00'),
(134, 19, '14:58:00'),
(135, 1, '14:47:00'),
(135, 3, '15:01:00'),
(135, 4, '13:11:00'),
(135, 5, '13:20:00'),
(135, 6, '16:59:00'),
(135, 7, '12:37:00'),
(135, 8, '15:58:00'),
(135, 10, '14:39:00'),
(135, 11, '16:23:00'),
(135, 12, '13:13:00'),
(135, 13, '12:43:00'),
(135, 16, '15:06:00'),
(135, 17, '13:02:00'),
(135, 19, '14:51:00'),
(136, 1, '14:10:00'),
(136, 2, '14:45:00'),
(136, 3, '15:56:00'),
(136, 4, '12:47:00'),
(136, 6, '17:29:00'),
(136, 8, '15:10:00'),
(136, 9, '17:22:00'),
(136, 11, '16:21:00'),
(136, 12, '13:33:00'),
(136, 13, '12:33:00'),
(136, 14, '12:31:00'),
(136, 15, '14:35:00'),
(136, 16, '15:12:00'),
(136, 17, '13:51:00'),
(136, 18, '17:04:00'),
(136, 19, '15:18:00'),
(137, 1, '14:41:00'),
(137, 2, '14:45:00'),
(137, 3, '15:01:00'),
(137, 4, '13:03:00'),
(137, 6, '16:17:00'),
(137, 7, '13:20:00'),
(137, 10, '15:18:00'),
(137, 11, '16:49:00'),
(137, 12, '13:00:00'),
(137, 13, '12:40:00'),
(137, 14, '13:15:00'),
(137, 15, '14:47:00'),
(137, 16, '15:03:00'),
(137, 17, '13:07:00'),
(137, 18, '16:31:00'),
(137, 19, '15:17:00'),
(138, 1, '14:04:00'),
(138, 2, '15:35:00'),
(138, 5, '13:22:00'),
(138, 6, '16:54:00'),
(138, 10, '15:04:00'),
(138, 12, '13:34:00'),
(138, 13, '13:27:00'),
(138, 14, '12:49:00'),
(138, 17, '14:10:00'),
(138, 19, '14:42:00'),
(139, 2, '15:45:00'),
(139, 3, '15:58:00'),
(139, 5, '13:12:00'),
(139, 6, '16:14:00'),
(139, 7, '13:14:00'),
(139, 9, '16:53:00'),
(139, 10, '15:16:00'),
(139, 11, '16:21:00'),
(139, 12, '13:33:00'),
(139, 13, '13:24:00'),
(139, 15, '14:57:00'),
(139, 16, '15:25:00'),
(139, 17, '13:35:00'),
(139, 18, '16:35:00'),
(139, 19, '14:41:00'),
(140, 1, '14:29:00'),
(140, 2, '15:10:00'),
(140, 4, '12:53:00'),
(140, 5, '13:13:00'),
(140, 6, '16:43:00'),
(140, 7, '13:01:00'),
(140, 8, '15:19:00'),
(140, 9, '16:48:00'),
(140, 11, '17:26:00'),
(140, 12, '13:44:00'),
(140, 14, '13:26:00'),
(140, 15, '14:21:00'),
(140, 16, '16:24:00'),
(140, 18, '16:47:00'),
(140, 19, '15:54:00'),
(141, 3, '15:36:00'),
(141, 4, '13:23:00'),
(141, 5, '13:13:00'),
(141, 7, '12:37:00'),
(141, 8, '15:02:00'),
(141, 9, '16:19:00'),
(141, 14, '12:40:00'),
(141, 15, '14:42:00'),
(141, 16, '15:29:00'),
(141, 18, '16:39:00'),
(142, 1, '14:32:00'),
(142, 2, '14:58:00'),
(142, 3, '15:40:00'),
(142, 5, '13:09:00'),
(142, 6, '16:54:00'),
(142, 8, '15:42:00'),
(142, 11, '16:24:00'),
(142, 15, '14:18:00'),
(142, 16, '15:13:00'),
(142, 17, '13:39:00'),
(142, 18, '16:40:00'),
(143, 1, '14:07:00'),
(143, 2, '14:49:00'),
(143, 3, '16:10:00'),
(143, 6, '16:30:00'),
(143, 8, '15:36:00'),
(143, 9, '16:38:00'),
(143, 13, '13:08:00'),
(143, 17, '13:44:00'),
(143, 19, '14:36:00'),
(144, 1, '14:47:00'),
(144, 2, '15:07:00'),
(144, 3, '15:30:00'),
(144, 4, '12:37:00'),
(144, 5, '12:52:00'),
(144, 6, '16:29:00'),
(144, 7, '13:04:00'),
(144, 11, '16:43:00'),
(144, 12, '13:48:00'),
(144, 13, '12:45:00'),
(144, 14, '13:17:00'),
(144, 15, '14:52:00'),
(144, 16, '15:23:00'),
(144, 17, '13:30:00'),
(144, 19, '15:08:00'),
(145, 1, '14:48:00'),
(145, 2, '15:28:00'),
(145, 3, '15:59:00'),
(145, 5, '12:38:00'),
(145, 6, '16:16:00'),
(145, 8, '15:24:00'),
(145, 11, '16:07:00'),
(145, 12, '13:21:00'),
(145, 13, '12:51:00'),
(145, 15, '15:18:00'),
(145, 18, '16:45:00'),
(146, 1, '14:01:00'),
(146, 2, '14:58:00'),
(146, 3, '15:08:00'),
(146, 4, '13:04:00'),
(146, 5, '12:43:00'),
(146, 6, '16:28:00'),
(146, 7, '12:58:00'),
(146, 8, '16:17:00'),
(146, 9, '16:32:00'),
(146, 10, '14:46:00'),
(146, 11, '16:50:00'),
(146, 12, '13:56:00'),
(146, 13, '12:33:00'),
(146, 14, '12:57:00'),
(146, 15, '14:29:00'),
(146, 16, '15:07:00'),
(146, 17, '13:35:00'),
(146, 18, '16:20:00'),
(146, 19, '14:31:00'),
(147, 1, '14:36:00'),
(147, 4, '13:05:00'),
(147, 5, '12:33:00'),
(147, 6, '16:49:00'),
(147, 8, '16:14:00'),
(147, 9, '16:50:00'),
(147, 10, '14:35:00'),
(147, 11, '16:52:00'),
(147, 12, '13:32:00'),
(147, 14, '13:10:00'),
(147, 15, '15:17:00'),
(147, 16, '16:03:00'),
(147, 18, '16:13:00'),
(147, 19, '14:54:00'),
(148, 2, '15:06:00'),
(148, 5, '12:49:00'),
(148, 6, '16:13:00'),
(148, 7, '13:07:00'),
(148, 10, '14:53:00'),
(148, 11, '16:45:00'),
(148, 12, '13:26:00'),
(148, 13, '13:13:00'),
(148, 15, '14:29:00'),
(148, 17, '13:37:00'),
(148, 18, '17:17:00'),
(148, 19, '15:08:00'),
(149, 1, '14:34:00'),
(149, 2, '14:42:00'),
(149, 3, '15:48:00'),
(149, 4, '12:54:00'),
(149, 6, '16:21:00'),
(149, 7, '12:49:00'),
(149, 8, '15:30:00'),
(149, 10, '15:34:00'),
(149, 12, '13:48:00'),
(149, 15, '14:24:00'),
(149, 18, '16:27:00'),
(149, 19, '15:28:00'),
(150, 4, '12:45:00'),
(150, 5, '12:54:00'),
(150, 6, '16:43:00'),
(150, 7, '12:55:00'),
(150, 8, '15:52:00'),
(150, 9, '16:41:00'),
(150, 10, '14:50:00'),
(150, 11, '16:46:00'),
(150, 12, '13:26:00'),
(150, 14, '13:00:00'),
(150, 15, '14:48:00'),
(150, 16, '15:07:00'),
(150, 17, '13:02:00'),
(150, 18, '17:18:00'),
(151, 2, '15:15:00'),
(151, 6, '16:59:00'),
(151, 7, '13:28:00'),
(151, 8, '15:20:00'),
(151, 10, '15:29:00'),
(151, 11, '16:35:00'),
(151, 14, '13:21:00'),
(151, 16, '15:25:00'),
(151, 17, '13:21:00'),
(151, 19, '14:41:00'),
(152, 1, '14:42:00'),
(152, 2, '14:40:00'),
(152, 3, '15:59:00'),
(152, 4, '12:36:00'),
(152, 5, '12:34:00'),
(152, 6, '16:45:00'),
(152, 7, '13:09:00'),
(152, 9, '16:24:00'),
(152, 10, '15:29:00'),
(152, 11, '16:44:00'),
(152, 12, '13:15:00'),
(152, 13, '13:51:00'),
(152, 14, '12:53:00'),
(152, 15, '14:10:00'),
(152, 16, '15:13:00'),
(152, 17, '13:23:00'),
(152, 18, '17:19:00'),
(153, 1, '14:15:00'),
(153, 4, '13:53:00'),
(153, 5, '12:50:00'),
(153, 7, '12:44:00'),
(153, 12, '13:48:00'),
(153, 14, '13:10:00'),
(153, 15, '14:43:00'),
(153, 16, '15:19:00'),
(153, 17, '13:15:00'),
(154, 2, '14:45:00'),
(154, 4, '13:45:00'),
(154, 5, '13:10:00'),
(154, 6, '16:54:00'),
(154, 7, '13:18:00'),
(154, 10, '15:27:00'),
(154, 11, '16:33:00'),
(154, 12, '13:32:00'),
(154, 15, '14:40:00'),
(154, 16, '15:52:00'),
(154, 18, '16:06:00'),
(154, 19, '14:58:00'),
(155, 1, '14:04:00'),
(155, 3, '15:30:00'),
(155, 4, '12:39:00'),
(155, 8, '15:06:00'),
(155, 10, '15:05:00'),
(155, 11, '16:43:00'),
(155, 12, '13:58:00'),
(155, 19, '15:20:00'),
(156, 1, '15:07:00'),
(156, 3, '15:53:00'),
(156, 4, '13:28:00'),
(156, 6, '17:00:00'),
(156, 7, '13:49:00'),
(156, 8, '15:34:00'),
(156, 10, '14:36:00'),
(156, 11, '16:41:00'),
(156, 12, '13:06:00'),
(156, 13, '12:59:00'),
(156, 15, '14:49:00'),
(156, 16, '15:59:00'),
(156, 17, '13:48:00'),
(156, 18, '16:18:00'),
(156, 19, '15:13:00'),
(157, 1, '14:41:00'),
(157, 4, '13:44:00'),
(157, 5, '13:05:00'),
(157, 8, '15:24:00'),
(157, 9, '16:39:00'),
(157, 10, '15:14:00'),
(157, 11, '16:59:00'),
(157, 12, '14:18:00'),
(157, 13, '12:30:00'),
(157, 15, '14:52:00'),
(157, 16, '16:15:00'),
(158, 1, '14:18:00'),
(158, 3, '15:25:00'),
(158, 6, '16:24:00'),
(158, 7, '12:50:00'),
(158, 8, '15:45:00'),
(158, 10, '14:55:00'),
(158, 16, '15:12:00'),
(158, 18, '16:44:00'),
(159, 1, '14:54:00'),
(159, 2, '15:21:00'),
(159, 3, '15:45:00'),
(159, 4, '12:40:00'),
(159, 5, '13:16:00'),
(159, 6, '16:52:00'),
(159, 7, '12:42:00'),
(159, 8, '15:56:00'),
(159, 9, '16:10:00'),
(159, 10, '15:37:00'),
(159, 11, '16:16:00'),
(159, 12, '13:35:00'),
(159, 13, '13:52:00'),
(159, 14, '13:13:00'),
(159, 15, '14:04:00'),
(159, 16, '15:03:00'),
(159, 17, '13:15:00'),
(159, 18, '16:46:00'),
(159, 19, '14:53:00'),
(160, 2, '15:11:00'),
(160, 4, '12:39:00'),
(160, 5, '13:55:00'),
(160, 6, '16:45:00'),
(160, 7, '12:32:00'),
(160, 8, '15:30:00'),
(160, 9, '16:00:00'),
(160, 13, '12:57:00'),
(160, 14, '12:44:00'),
(160, 15, '14:21:00'),
(160, 16, '15:53:00'),
(160, 17, '13:27:00'),
(160, 18, '16:21:00'),
(161, 1, '14:29:00'),
(161, 2, '14:33:00'),
(161, 4, '12:46:00'),
(161, 5, '12:48:00'),
(161, 7, '13:14:00'),
(161, 9, '16:22:00'),
(161, 10, '15:02:00'),
(161, 11, '16:32:00'),
(161, 12, '13:06:00'),
(161, 14, '12:57:00'),
(161, 15, '14:11:00'),
(161, 17, '13:21:00'),
(161, 19, '15:02:00'),
(162, 1, '14:32:00'),
(162, 3, '15:30:00'),
(162, 4, '13:10:00'),
(162, 6, '16:49:00'),
(162, 8, '15:51:00'),
(162, 10, '14:31:00'),
(162, 12, '13:20:00'),
(162, 13, '12:42:00'),
(162, 14, '12:38:00'),
(162, 17, '13:50:00'),
(162, 18, '16:17:00'),
(163, 2, '14:51:00'),
(163, 4, '13:54:00'),
(163, 5, '13:03:00'),
(163, 8, '15:39:00'),
(163, 11, '16:01:00'),
(163, 12, '13:05:00'),
(163, 13, '12:40:00'),
(163, 14, '13:03:00'),
(163, 15, '14:06:00'),
(163, 19, '15:16:00'),
(164, 2, '15:12:00'),
(164, 3, '15:53:00'),
(164, 5, '12:42:00'),
(164, 8, '15:19:00'),
(164, 9, '16:53:00'),
(164, 10, '14:58:00'),
(164, 11, '16:21:00'),
(164, 13, '12:48:00'),
(164, 14, '12:47:00'),
(164, 15, '14:04:00'),
(164, 17, '13:11:00'),
(164, 19, '14:47:00'),
(165, 2, '15:07:00'),
(165, 3, '15:26:00'),
(165, 4, '12:42:00'),
(165, 5, '13:04:00'),
(165, 6, '17:15:00'),
(165, 7, '13:56:00'),
(165, 9, '16:11:00'),
(165, 11, '16:36:00'),
(165, 13, '13:29:00'),
(165, 15, '14:13:00'),
(165, 16, '15:03:00'),
(165, 17, '13:06:00'),
(165, 18, '16:00:00'),
(166, 1, '14:03:00'),
(166, 4, '12:50:00'),
(166, 5, '12:53:00'),
(166, 6, '16:13:00'),
(166, 9, '16:58:00'),
(166, 10, '15:22:00'),
(166, 12, '13:19:00'),
(166, 13, '13:25:00'),
(166, 16, '15:47:00'),
(166, 17, '14:16:00'),
(166, 18, '16:40:00'),
(167, 1, '14:32:00'),
(167, 2, '15:26:00'),
(167, 3, '15:18:00'),
(167, 4, '13:51:00'),
(167, 5, '13:03:00'),
(167, 6, '17:00:00'),
(167, 7, '12:30:00'),
(167, 8, '15:19:00'),
(167, 9, '16:34:00'),
(167, 12, '14:01:00'),
(167, 13, '13:12:00'),
(167, 14, '13:55:00'),
(167, 15, '14:32:00'),
(167, 16, '15:13:00'),
(167, 17, '13:34:00'),
(167, 18, '16:11:00'),
(168, 1, '15:15:00'),
(168, 2, '14:36:00'),
(168, 5, '13:11:00'),
(168, 6, '16:36:00'),
(168, 8, '15:42:00'),
(168, 10, '14:38:00'),
(168, 12, '13:57:00'),
(168, 14, '12:39:00'),
(168, 15, '14:11:00'),
(168, 16, '15:11:00'),
(168, 17, '13:28:00'),
(168, 19, '15:01:00'),
(169, 2, '14:57:00'),
(169, 3, '15:06:00'),
(169, 4, '13:36:00'),
(169, 5, '12:50:00'),
(169, 6, '16:08:00'),
(169, 7, '12:59:00'),
(169, 8, '15:57:00'),
(169, 10, '14:31:00'),
(169, 12, '13:06:00'),
(169, 13, '12:43:00'),
(169, 14, '12:41:00'),
(169, 15, '14:55:00'),
(169, 16, '15:17:00'),
(169, 17, '13:11:00'),
(169, 18, '17:16:00'),
(169, 19, '14:51:00'),
(170, 2, '15:10:00'),
(170, 3, '15:15:00'),
(170, 6, '16:38:00'),
(170, 7, '13:12:00'),
(170, 8, '15:47:00'),
(170, 11, '16:07:00'),
(170, 12, '13:34:00'),
(170, 13, '13:13:00'),
(170, 14, '12:59:00'),
(170, 15, '14:50:00'),
(170, 16, '15:10:00'),
(170, 18, '16:46:00'),
(170, 19, '14:44:00'),
(171, 2, '15:30:00'),
(171, 3, '15:31:00'),
(171, 4, '13:45:00'),
(171, 5, '12:51:00'),
(171, 7, '13:05:00'),
(171, 8, '15:28:00'),
(171, 9, '16:11:00'),
(171, 10, '15:04:00'),
(171, 12, '13:49:00'),
(171, 14, '13:30:00'),
(171, 17, '13:58:00'),
(171, 18, '16:08:00'),
(171, 19, '15:12:00'),
(172, 1, '14:03:00'),
(172, 2, '15:47:00'),
(172, 3, '15:35:00'),
(172, 4, '13:28:00'),
(172, 5, '13:09:00'),
(172, 6, '16:13:00'),
(172, 7, '13:33:00'),
(172, 8, '15:51:00'),
(172, 9, '16:53:00'),
(172, 10, '15:30:00'),
(172, 11, '16:33:00'),
(172, 12, '13:53:00'),
(172, 13, '12:53:00'),
(172, 14, '13:14:00'),
(172, 15, '14:19:00'),
(172, 16, '15:39:00'),
(172, 17, '13:45:00'),
(172, 18, '16:52:00'),
(172, 19, '15:24:00'),
(173, 1, '14:12:00'),
(173, 4, '13:28:00'),
(173, 5, '12:47:00'),
(173, 6, '16:02:00'),
(173, 11, '16:56:00'),
(173, 12, '13:24:00'),
(173, 14, '13:02:00'),
(173, 15, '14:32:00'),
(173, 16, '15:43:00'),
(173, 17, '13:12:00'),
(173, 19, '15:40:00'),
(174, 1, '14:54:00'),
(174, 2, '15:27:00'),
(174, 4, '13:16:00'),
(174, 5, '12:57:00'),
(174, 8, '15:46:00'),
(174, 9, '16:48:00'),
(174, 10, '14:47:00'),
(174, 11, '17:09:00'),
(174, 12, '14:05:00'),
(174, 13, '12:43:00'),
(174, 15, '15:01:00'),
(174, 17, '13:54:00'),
(174, 18, '17:14:00'),
(174, 19, '14:33:00'),
(175, 1, '14:51:00'),
(175, 2, '15:58:00'),
(175, 3, '15:29:00'),
(175, 4, '12:32:00'),
(175, 6, '16:34:00'),
(175, 7, '13:27:00'),
(175, 9, '16:14:00'),
(175, 10, '15:24:00'),
(175, 11, '16:57:00'),
(175, 12, '13:50:00'),
(175, 13, '13:22:00'),
(175, 14, '12:42:00'),
(175, 15, '14:43:00'),
(175, 16, '15:18:00'),
(175, 17, '13:49:00'),
(175, 18, '16:33:00'),
(175, 19, '15:19:00'),
(176, 2, '14:43:00'),
(176, 3, '16:04:00'),
(176, 4, '13:39:00'),
(176, 5, '12:50:00'),
(176, 8, '15:08:00'),
(176, 9, '16:19:00'),
(176, 10, '14:57:00'),
(176, 11, '16:03:00'),
(176, 13, '13:28:00'),
(176, 14, '12:31:00'),
(176, 15, '14:56:00'),
(176, 17, '13:06:00'),
(176, 18, '16:14:00'),
(176, 19, '15:28:00'),
(177, 2, '14:35:00'),
(177, 4, '12:48:00'),
(177, 5, '12:52:00'),
(177, 6, '16:16:00'),
(177, 7, '12:40:00'),
(177, 8, '15:43:00'),
(177, 9, '16:28:00'),
(177, 10, '14:59:00'),
(177, 14, '12:34:00'),
(177, 15, '14:23:00'),
(177, 16, '15:42:00'),
(177, 17, '13:11:00'),
(177, 18, '16:10:00'),
(178, 1, '14:58:00'),
(178, 3, '15:28:00'),
(178, 4, '13:43:00'),
(178, 5, '12:57:00'),
(178, 6, '16:52:00'),
(178, 7, '13:27:00'),
(178, 8, '15:46:00'),
(178, 10, '15:50:00'),
(178, 11, '16:14:00'),
(178, 12, '14:28:00'),
(178, 13, '13:10:00'),
(178, 14, '13:58:00'),
(178, 16, '15:33:00'),
(178, 17, '13:26:00'),
(179, 1, '14:19:00'),
(179, 2, '14:49:00'),
(179, 3, '15:35:00'),
(179, 4, '13:20:00'),
(179, 6, '16:58:00'),
(179, 7, '13:42:00'),
(179, 10, '15:38:00'),
(179, 11, '16:43:00'),
(179, 12, '13:32:00'),
(179, 13, '12:59:00'),
(179, 15, '14:26:00'),
(179, 16, '15:49:00'),
(179, 17, '14:29:00'),
(179, 18, '16:22:00'),
(180, 1, '14:35:00'),
(180, 3, '15:45:00'),
(180, 7, '12:32:00'),
(180, 8, '15:52:00'),
(180, 13, '12:34:00'),
(180, 14, '12:56:00'),
(180, 16, '15:25:00'),
(180, 18, '16:22:00'),
(181, 1, '14:45:00'),
(181, 2, '14:39:00'),
(181, 6, '16:06:00'),
(181, 8, '15:50:00'),
(181, 10, '14:49:00'),
(181, 11, '16:59:00'),
(181, 12, '13:23:00'),
(181, 15, '15:05:00'),
(181, 16, '15:25:00'),
(181, 17, '13:40:00'),
(181, 18, '16:01:00'),
(182, 5, '12:49:00'),
(182, 7, '12:43:00'),
(182, 8, '15:07:00'),
(182, 9, '16:33:00'),
(182, 10, '15:00:00'),
(182, 11, '17:21:00'),
(182, 15, '14:48:00'),
(182, 16, '15:16:00'),
(182, 18, '16:48:00'),
(182, 19, '14:46:00'),
(183, 2, '15:14:00'),
(183, 6, '16:24:00'),
(183, 7, '12:38:00'),
(183, 8, '16:02:00'),
(183, 9, '16:51:00'),
(183, 10, '15:33:00'),
(183, 12, '13:46:00'),
(183, 14, '12:35:00'),
(183, 15, '14:02:00'),
(183, 16, '15:20:00'),
(183, 17, '13:06:00'),
(184, 2, '15:14:00'),
(184, 3, '16:25:00'),
(184, 4, '12:41:00'),
(184, 5, '13:45:00'),
(184, 6, '16:04:00'),
(184, 9, '16:42:00'),
(184, 10, '15:25:00'),
(184, 11, '16:27:00'),
(184, 12, '14:09:00'),
(184, 13, '12:41:00'),
(184, 14, '13:58:00'),
(184, 16, '15:55:00'),
(184, 18, '16:46:00'),
(184, 19, '15:11:00'),
(185, 1, '14:26:00'),
(185, 2, '15:22:00'),
(185, 3, '16:19:00'),
(185, 4, '12:43:00'),
(185, 5, '13:12:00'),
(185, 6, '16:17:00'),
(185, 7, '13:12:00'),
(185, 8, '15:45:00'),
(185, 9, '16:00:00'),
(185, 10, '14:49:00'),
(185, 11, '16:58:00'),
(185, 12, '13:02:00'),
(185, 13, '13:34:00'),
(185, 14, '12:50:00'),
(185, 15, '14:19:00'),
(185, 16, '15:02:00'),
(185, 17, '13:49:00'),
(185, 18, '17:18:00'),
(185, 19, '15:06:00'),
(186, 1, '15:05:00'),
(186, 2, '14:57:00'),
(186, 3, '15:01:00'),
(186, 4, '12:32:00'),
(186, 5, '13:05:00'),
(186, 6, '16:20:00'),
(186, 8, '15:19:00'),
(186, 9, '16:10:00'),
(186, 10, '15:16:00'),
(186, 11, '16:46:00'),
(186, 12, '13:26:00'),
(186, 13, '12:32:00'),
(186, 14, '13:26:00'),
(186, 15, '14:14:00'),
(186, 17, '13:04:00'),
(186, 18, '16:59:00'),
(186, 19, '15:09:00'),
(187, 1, '14:17:00'),
(187, 2, '15:11:00'),
(187, 4, '12:41:00'),
(187, 5, '12:33:00'),
(187, 6, '16:51:00'),
(187, 9, '16:52:00'),
(187, 10, '15:09:00'),
(187, 11, '16:22:00'),
(187, 12, '13:57:00'),
(187, 14, '12:52:00'),
(187, 16, '16:13:00'),
(187, 17, '13:20:00'),
(187, 19, '15:04:00'),
(188, 1, '15:06:00'),
(188, 2, '14:51:00'),
(188, 3, '15:36:00'),
(188, 4, '12:57:00'),
(188, 5, '13:49:00'),
(188, 6, '17:15:00'),
(188, 7, '12:56:00'),
(188, 8, '15:15:00'),
(188, 9, '16:41:00'),
(188, 11, '16:22:00'),
(188, 12, '13:44:00'),
(188, 15, '14:59:00'),
(188, 16, '15:11:00'),
(188, 17, '13:28:00'),
(188, 18, '16:54:00'),
(188, 19, '15:43:00'),
(189, 1, '14:22:00'),
(189, 2, '14:46:00'),
(189, 3, '15:19:00'),
(189, 4, '13:21:00'),
(189, 8, '15:43:00'),
(189, 9, '16:48:00'),
(189, 12, '13:00:00'),
(189, 13, '13:13:00'),
(189, 15, '14:39:00'),
(189, 16, '15:26:00'),
(189, 17, '13:00:00'),
(189, 18, '17:10:00'),
(190, 1, '14:43:00'),
(190, 2, '14:37:00'),
(190, 3, '15:14:00'),
(190, 4, '13:47:00'),
(190, 6, '16:30:00'),
(190, 7, '13:23:00'),
(190, 8, '15:25:00'),
(190, 9, '16:45:00'),
(190, 10, '15:10:00'),
(190, 11, '16:53:00'),
(190, 13, '13:58:00'),
(190, 14, '13:09:00'),
(190, 15, '14:47:00'),
(190, 18, '16:07:00'),
(190, 19, '15:14:00');

-- --------------------------------------------------------

--
-- Table structure for table `meccs`
--

CREATE TABLE `meccs` (
  `id` int(11) NOT NULL,
  `datum` date DEFAULT NULL,
  `kezdes` time DEFAULT NULL,
  `belepo` int(255) DEFAULT NULL,
  `tipus` varchar(50) DEFAULT NULL
) ENGINE=InnoDB DEFAULT CHARSET=utf8 COLLATE=utf8_hungarian_ci;

--
-- Dumping data for table `meccs`
--

INSERT INTO `meccs` (`id`, `datum`, `kezdes`, `belepo`, `tipus`) VALUES
(1, '2019-03-23', '15:00:00', 500, 'bajnoki'),
(2, '2019-04-20', '15:30:00', 1000, 'bajnoki'),
(3, '2018-09-08', '16:00:00', 500, 'bajnoki'),
(4, '2018-11-03', '13:30:00', 500, 'bajnoki'),
(5, '2018-12-01', '13:30:00', 500, 'bajnoki'),
(6, '2018-08-15', '17:00:00', 200, 'kupa'),
(7, '2018-11-17', '13:30:00', 1000, 'bajnoki'),
(8, '2019-05-18', '16:00:00', 500, 'bajnoki'),
(9, '2018-08-22', '17:00:00', 200, 'kupa'),
(10, '2018-09-22', '15:30:00', 500, 'bajnoki'),
(11, '2018-08-25', '17:00:00', 500, 'bajnoki'),
(12, '2018-10-06', '14:00:00', 1000, 'bajnoki'),
(13, '2018-10-20', '13:30:00', 500, 'bajnoki'),
(14, '2019-03-09', '13:30:00', 500, 'bajnoki'),
(15, '2018-09-26', '15:00:00', 500, 'kupa'),
(16, '2019-05-04', '16:00:00', 500, 'bajnoki'),
(17, '2018-10-24', '14:00:00', 1000, 'kupa'),
(18, '2018-08-11', '17:00:00', 500, 'bajnoki'),
(19, '2019-04-06', '15:30:00', 500, 'bajnoki');

-- --------------------------------------------------------

--
-- Table structure for table `nezo`
--

CREATE TABLE `nezo` (
  `id` int(11) NOT NULL,
  `nev` varchar(255) DEFAULT NULL,
  `ferfi` tinyint(1) DEFAULT NULL,
  `berletes` tinyint(1) DEFAULT NULL
) ENGINE=InnoDB DEFAULT CHARSET=utf8 COLLATE=utf8_hungarian_ci;

--
-- Dumping data for table `nezo`
--

INSERT INTO `nezo` (`id`, `nev`, `ferfi`, `berletes`) VALUES
(1, 'Halk Jnos', -1, -1),
(2, 'Kertsz Bence', -1, 0),
(3, 'Molnr Alex', -1, -1),
(4, 'Bka Ntn', -1, -1),
(5, 'Rti Dniel', -1, -1),
(6, 'Varga Zsolt', -1, 0),
(7, 'Elek Mikls', -1, 0),
(8, 'Balzs Domonkos', -1, 0),
(9, 'Tth kos', -1, -1),
(10, 'Sri Pter', -1, 0),
(11, 'Kiss Dorina', 0, -1),
(12, 'Csuka Beta', 0, 0),
(13, 'Kun Tams', -1, -1),
(14, 'Zsolczai Balzs', -1, -1),
(15, 'Bertk Dniel', -1, -1),
(16, 'Fehr Orsolya', 0, -1),
(17, 'Mrton Hunor', -1, 0),
(18, 'Vass Andrs', -1, 0),
(19, 'Szepes Edit', 0, 0),
(20, 'Knya Barbara', 0, 0),
(21, 'Tth Luca', 0, 0),
(22, 'Benk Tnde', 0, 0),
(23, 'Olh Soma', -1, 0),
(24, 'Bajnai Krisztin', -1, 0),
(25, 'Cski Mrton', -1, 0),
(26, 'Dek Istvn', -1, 0),
(27, 'Trk Rbert', -1, 0),
(28, 'Bogdndi Dvid', -1, -1),
(29, 'Szolga dm', -1, 0),
(30, 'Molnr Mrton', -1, -1),
(31, 'rva kos', -1, 0),
(32, 'Schiss Bence', -1, -1),
(33, 'Szcs Kornl', -1, 0),
(34, 'Barta Tams', -1, 0),
(35, 'Kincses Kristf', -1, 0),
(36, 'Meleg Dniel', -1, -1),
(37, 'Kispl Pter', -1, 0),
(38, 'Csonka Jzsef', -1, 0),
(39, 'Janka Csand', -1, 0),
(40, 'Moldovn Tams', -1, 0),
(41, 'Kovcs Szilrd', -1, 0),
(42, 'Papp Viola', 0, 0),
(43, 'Csank Jnos', -1, 0),
(44, 'Szolnoki Martin', -1, 0),
(45, 'Boldizsr Tas', -1, -1),
(46, 'Pter Gbor', -1, -1),
(47, 'Mszros Rka', 0, 0),
(48, 'Psztor Nndor', -1, 0),
(49, 'Hegykzi Martin', -1, 0),
(50, 'Nagy Mt', -1, -1),
(51, 'Lengyel dm', -1, 0),
(52, 'Gymnt Pter', -1, 0),
(53, 'Kun Dniel', -1, 0),
(54, 'Vlocsk Gbor', -1, 0),
(55, 'Farkas Barnabs', -1, 0),
(56, 'Vastag Tibor', -1, 0),
(57, 'Pless Gerg', -1, 0),
(58, 'Molnr dm', -1, 0),
(59, 'Borbs Gza', -1, 0),
(60, 'Kisteleki Igor', -1, 0),
(61, 'Bod Bence', -1, -1),
(62, 'Nagy Balzs', -1, -1),
(63, 'Berti Gergely', -1, 0),
(64, 'Sebk Dniel', -1, 0),
(65, 'Mt Martin', -1, 0),
(66, 'Kovcs Norbert', -1, 0),
(67, 'Motyovszki Mrk', -1, 0),
(68, 'Gyapjas Lszl', -1, -1),
(69, 'Varga Melitta', 0, 0),
(70, 'Csala dm', -1, 0),
(71, 'Peregi Petra', 0, 0),
(72, 'Lajk Rka', 0, 0),
(73, 'Gyimth Patrik', -1, 0),
(74, 'Horvth Ferenc', -1, 0),
(75, 'Juhsz Viktor', -1, -1),
(76, 'Mszros Rka', 0, 0),
(77, 'Heged Fanni', 0, 0),
(78, 'Krpti dm', -1, 0),
(79, 'Pataki Gbor', -1, 0),
(80, 'Tombcz Mikls', -1, 0),
(81, 'Nyri Pter', -1, 0),
(82, 'Kis Beta', 0, 0),
(83, 'Pk Roland', -1, 0),
(84, 'Bodza Tams', -1, 0),
(85, 'Takcs Mrk', -1, -1),
(86, 'Kiss Mrton', -1, 0),
(87, 'Nagy Petra', 0, -1),
(88, 'Kertsz Andrs', -1, 0),
(89, 'Grgyn Patrik', -1, 0),
(90, 'Kamars Attila', -1, 0),
(91, 'Nyilas kos', -1, 0),
(92, 'Balassa Viktor', -1, 0),
(93, 'Koncz Bla', -1, 0),
(94, 'Helle gnes', 0, 0),
(95, 'Sri Zsfia', 0, 0),
(96, 'Boldog Dniel', -1, 0),
(97, 'Kovcs Bence', -1, 0),
(98, 'Ills Lszl', -1, 0),
(99, 'Reszegi Bla', -1, 0),
(100, 'Hajd Zlia', 0, 0),
(101, 'Nagy kos', -1, 0),
(102, 'Juhsz kos', -1, -1),
(103, 'Bit Blint', -1, 0),
(104, 'Pannonhalmi Martin', -1, -1),
(105, 'Knya Patrik', -1, 0),
(106, 'Nagy Zsombor', -1, -1),
(107, 'Lenkei Tams', -1, 0),
(108, 'Ivn Gedeon', -1, 0),
(109, 'Dancs Gyrgy', -1, 0),
(110, 'Kondsz Ferenc', -1, 0),
(111, 'Kiss Dra', 0, 0),
(112, 'Lukcs Tams', -1, -1),
(113, 'Szalai Mt', -1, 0),
(114, 'Jak Balzs', -1, -1),
(115, 'Jns Lszl', -1, 0),
(116, 'Frhlich Zsombor', -1, 0),
(117, 'rps Soma', -1, 0),
(118, 'Tomka Mt', -1, -1),
(119, 'Kertsz Szilvia', 0, 0),
(120, 'Heller Szabolcs', -1, 0),
(121, 'Vneki Miln', -1, 0),
(122, 'Varga Boldizsr', -1, 0),
(123, 'Fldesi Tams', -1, 0),
(124, 'Vezsi Attila', -1, -1),
(125, 'Ss Gbor', -1, -1),
(126, 'Bakai Jzsef', -1, 0),
(127, 'Somogyi Mrk', -1, 0),
(128, 'Kenderesi Mt', -1, 0),
(129, 'Szabados Balzs', -1, 0),
(130, 'rdgh Dniel', -1, 0),
(131, 'Molnr Zsombor', -1, -1),
(132, 'Dka Dra', 0, 0),
(133, 'Mihalcsik Dniel', -1, -1),
(134, 'Borda Tibor', -1, 0),
(135, 'Lvai Tams', -1, 0),
(136, 'Erdlyi Kristf', -1, 0),
(137, 'Sikk Dniel', -1, 0),
(138, 'Seprenyi Lajos', -1, -1),
(139, 'Boros Jnos', -1, 0),
(140, 'Patyi Tams', -1, 0),
(141, 'Rti Dniel', -1, 0),
(142, 'Fehr Krisztina', 0, 0),
(143, 'Gymbr Anna', 0, 0),
(144, 'Sznt kos', -1, -1),
(145, 'Boz Dniel', -1, 0),
(146, 'Pesti Richrd', -1, 0),
(147, 'Kirly Petra', 0, -1),
(148, 'Dancs Richrd', -1, 0),
(149, 'Tth Lszl', -1, -1),
(150, 'Ormdi Viktor', -1, 0),
(151, 'Avas Mrton', -1, 0),
(152, 'Mezlaki Bendegz', -1, 0),
(153, 'Tsnyei Tams', -1, 0),
(154, 'Balog Kristf', -1, 0),
(155, 'Farkas Mt', -1, 0),
(156, 'Rabi Mt', -1, 0),
(157, 'Lengyel Trisztn', -1, -1),
(158, 'Antalics Dominika', -1, 0),
(159, 'Vczi Levente', -1, 0),
(160, 'Szamoskzi Gergely', -1, 0),
(161, 'Hdi Lrinc', -1, 0),
(162, 'Gyebrovszki Csilla', 0, 0),
(163, 'Lehoczky Mt', -1, 0),
(164, 'Papp Sra', 0, -1),
(165, 'Varga Mnika', 0, -1),
(166, 'Zombori Rka', 0, 0),
(167, 'rdg Lili', 0, 0),
(168, 'Buzs Gyrgy', -1, -1),
(169, 'Elek Vivien', 0, -1),
(170, 'Selmeci Dra', 0, 0),
(171, 'Vsrhelyi Tams', -1, 0),
(172, 'Kovcs Lszl', -1, 0),
(173, 'Varga Kristf', -1, -1),
(174, 'Bozki Gbor', -1, -1),
(175, 'Jenei Dniel', -1, 0),
(176, 'Sipos Erik', -1, -1),
(177, 'Ajtsi Patrik', -1, 0),
(178, 'Szab Attila', -1, 0),
(179, 'Paja Tams', -1, -1),
(180, 'Kis Antal', -1, 0),
(181, 'Nyri Barnabs', -1, 0),
(182, 'Arany Pter', -1, 0),
(183, 'Silver Zoltn', -1, 0),
(184, 'Pusztai Blint', -1, 0),
(185, 'Kasza Bence', -1, -1),
(186, 'Szcs Pter', -1, -1),
(187, 'Neuer Benedek', -1, 0),
(188, 'Hegeds Zn', -1, -1),
(189, 'Kotrocz Barnabs', -1, 0),
(190, 'Seres Lilla', 0, -1);

-- --------------------------------------------------------

--
-- Table structure for table `users`
--

CREATE TABLE `users` (
  `id` int(11) NOT NULL,
  `email` varchar(255) DEFAULT NULL,
  `name` varchar(255) DEFAULT NULL,
  `password` varchar(255) DEFAULT NULL,
  `role` varchar(255) DEFAULT NULL
) ENGINE=InnoDB DEFAULT CHARSET=utf8 COLLATE=utf8_hungarian_ci;

--
-- Dumping data for table `users`
--

INSERT INTO `users` (`id`, `email`, `name`, `password`, `role`) VALUES
(1, 'alma@alma.hu', 'alma', '$2a$10$FkWuRi/JKBCuA9dnDSq8zeICNHAvtSekHVG4fCA4IBHTnKGD8dQKa', 'ROLE_Vendeg'),
(2, 'korte@alma.hu', 'korte', '$2a$10$JLMKWcGRiXA9NMsvCl.CD.6T7dixjhc8Fu.1eQ9n6iPCQJxbehb2y', 'ROLE_ADMIN');

--
-- Indexes for dumped tables
--

--
-- Indexes for table `belepes`
--
ALTER TABLE `belepes`
  ADD PRIMARY KEY (`nezoid`,`meccsid`),
  ADD KEY `meccsid` (`meccsid`);

--
-- Indexes for table `meccs`
--
ALTER TABLE `meccs`
  ADD PRIMARY KEY (`id`);

--
-- Indexes for table `nezo`
--
ALTER TABLE `nezo`
  ADD PRIMARY KEY (`id`);

--
-- Indexes for table `users`
--
ALTER TABLE `users`
  ADD PRIMARY KEY (`id`);

--
-- AUTO_INCREMENT for dumped tables
--

--
-- AUTO_INCREMENT for table `users`
--
ALTER TABLE `users`
  MODIFY `id` int(11) NOT NULL AUTO_INCREMENT, AUTO_INCREMENT=3;

--
-- Constraints for dumped tables
--

--
-- Constraints for table `belepes`
--
ALTER TABLE `belepes`
  ADD CONSTRAINT `belepes_ibfk_1` FOREIGN KEY (`nezoid`) REFERENCES `nezo` (`id`),
  ADD CONSTRAINT `belepes_ibfk_2` FOREIGN KEY (`meccsid`) REFERENCES `meccs` (`id`);
COMMIT;

/*!40101 SET CHARACTER_SET_CLIENT=@OLD_CHARACTER_SET_CLIENT */;
/*!40101 SET CHARACTER_SET_RESULTS=@OLD_CHARACTER_SET_RESULTS */;
/*!40101 SET COLLATION_CONNECTION=@OLD_COLLATION_CONNECTION */;
